Date,Front,Next
2015-05-18,2129.2,2127.8
2015-05-19,2127.8,2125.8
2015-05-20,2125.8,2130.8
2015-05-21,2130.8,2126.1
2015-05-22,2126.1,2104.2
2015-05-26,2104.2,2123.5
2015-05-27,2123.5,2120.8
2015-05-28,2120.8,2107.4
2015-05-29,2107.4,2111.7
2015-06-01,2111.7,2109.6
2015-06-02,2109.6,2114.1
2015-06-03,2114.1,2095.8
2015-06-04,2095.8,2092.8
2015-06-05,2092.8,2079.3
2015-06-08,2079.3,2080.2
2015-06-09,2080.2,2105.2
2015-06-10,2105.2,2108.9
2015-06-11,2108.9,2094.1
2015-06-12,2094.1,2084.4
2015-06-15,2084.4,2096.3
2015-06-16,2096.3,2100.4
2015-06-17,2100.4,2121.2
2015-06-18,2121.2,2110.0
2015-06-19,2110.0,2122.8
2015-06-22,2122.8,2124.2
2015-06-23,2124.2,2108.6
2015-06-24,2108.6,2102.3
2015-06-25,2102.3,2101.5
2015-06-26,2101.5,2057.6
2015-06-29,2057.6,2063.1
2015-06-30,2063.1,2077.4
2015-07-01,2077.4,2076.8
2015-07-02,2076.8,2068.8
2015-07-06,2068.8,2081.3
2015-07-07,2081.3,2046.7
2015-07-08,2046.7,2051.3
2015-07-09,2051.3,2076.6
2015-07-10,2076.6,2099.6
2015-07-13,2099.6,2108.9
2015-07-14,2108.9,2107.4
2015-07-15,2107.4,2124.3
2015-07-16,2124.3,2126.6
2015-07-17,2126.6,2128.3
2015-07-20,2128.3,2119.2
2015-07-21,2119.2,2114.2
2015-07-22,2114.2,2102.2
2015-07-23,2102.2,2079.7
2015-07-24,2079.7,2067.6
2015-07-27,2067.6,2093.2
2015-07-28,2093.2,2108.6
2015-07-29,2108.6,2108.6
2015-07-30,2108.6,2103.8
2015-07-31,2103.8,2098.0
2015-08-03,2098.0,2093.3
2015-08-04,2093.3,2099.8
2015-08-05,2099.8,2083.6
2015-08-06,2083.6,2077.6
2015-08-07,2077.6,2104.2
2015-08-10,2104.2,2084.1
2015-08-11,2084.1,2086.1
2015-08-12,2086.1,2083.4
2015-08-13,2083.4,2091.5
2015-08-14,2091.5,2102.4
2015-08-17,2102.4,2096.9
2015-08-18,2096.9,2079.6
2015-08-19,2079.6,2035.7
2015-08-20,2035.7,1970.9
2015-08-21,1970.9,1893.2
2015-08-24,1893.2,1867.6
2015-08-25,1867.6,1940.5
2015-08-26,1940.5,1987.7
2015-08-27,1987.7,1988.9
2015-08-28,1988.9,1972.2
2015-08-31,1972.2,1913.8
2015-09-01,1913.8,1948.9
2015-09-02,1948.9,1951.1
2015-09-03,1951.1,1921.2
2015-09-04,1921.2,1969.4
2015-09-08,1969.4,1942.0
2015-09-09,1942.0,1952.3
2015-09-10,1952.3,1961.0
2015-09-11,1961.0,1953.0
2015-09-14,1953.0,1978.1
2015-09-15,1978.1,1995.3
2015-09-16,1995.3,1990.2
2015-09-17,1990.2,1958.0
2015-09-18,1958.0,1967.0
2015-09-21,1967.0,1942.7
2015-09-22,1942.7,1938.8
2015-09-23,1938.8,1932.2
2015-09-24,1932.2,1931.3
2015-09-25,1931.3,1881.8
2015-09-28,1881.8,1884.1
2015-09-29,1884.1,1920.0
2015-09-30,1920.0,1923.8
2015-10-01,1923.8,1951.4
2015-10-02,1951.4,1987.0
2015-10-05,1987.0,1979.9
2015-10-06,1979.9,1995.8
2015-10-07,1995.8,2013.4
2015-10-08,2013.4,2014.9
2015-10-09,2014.9,2017.5
2015-10-12,2017.5,2003.7
2015-10-13,2003.7,1994.2
2015-10-14,1994.2,2023.9
2015-10-15,2023.9,2033.1
2015-10-16,2033.1,2033.7
2015-10-19,2033.7,2030.8
2015-10-20,2030.8,2018.9
2015-10-21,2018.9,2052.5
2015-10-22,2052.5,2075.2
2015-10-23,2075.2,2071.2
2015-10-26,2071.2,2065.9
2015-10-27,2065.9,2090.3
2015-10-28,2090.3,2089.4
2015-10-29,2089.4,2079.4
2015-10-30,2079.4,2104.1
2015-11-02,2104.1,2109.8
2015-11-03,2109.8,2102.3
2015-11-04,2102.3,2099.9
2015-11-05,2099.9,2099.2
2015-11-06,2099.2,2078.6
2015-11-09,2078.6,2081.7
2015-11-10,2081.7,2075.0
2015-11-11,2075.0,2046.0
2015-11-12,2046.0,2023.0
2015-11-13,2023.0,2053.2
2015-11-16,2053.2,2050.4
2015-11-17,2050.4,2083.6
2015-11-18,2083.6,2081.2
2015-11-19,2081.2,2089.2
2015-11-20,2089.2,2086.6
2015-11-23,2086.6,2089.1
2015-11-24,2089.1,2088.9
2015-11-25,2088.9,2090.1
2015-11-27,2090.1,2080.4
2015-11-30,2080.4,2102.6
2015-12-01,2102.6,2079.5
2015-12-02,2079.5,2049.6
2015-12-03,2049.6,2091.7
2015-12-04,2091.7,2077.1
2015-12-07,2077.1,2063.6
2015-12-08,2063.6,2047.6
2015-12-09,2047.6,2052.2
2015-12-10,2052.2,2012.4
2015-12-11,2012.4,2021.9
2015-12-14,2021.9,2043.4
2015-12-15,2043.4,2073.1
2015-12-16,2073.1,2041.9
2015-12-17,2041.9,2005.5
2015-12-18,2005.5,2021.2
2015-12-21,2021.2,2039.0
2015-12-22,2039.0,2064.3
2015-12-23,2064.3,2061.0
2015-12-24,2061.0,2056.5
2015-12-28,2056.5,2078.4
2015-12-29,2078.4,2063.4
2015-12-30,2063.4,2043.9
2015-12-31,2043.9,2012.7
2016-01-04,2012.7,2016.7
2016-01-05,2016.7,1990.3
2016-01-06,1990.3,1943.1
2016-01-07,1943.1,1922.0
2016-01-08,1922.0,1923.7
2016-01-11,1923.7,1938.7
2016-01-12,1938.7,1890.3
2016-01-13,1890.3,1921.8
2016-01-14,1921.8,1880.3
2016-01-15,1880.3,1881.3
2016-01-19,1881.3,1859.3
2016-01-20,1859.3,1869.0
2016-01-21,1869.0,1906.9
2016-01-22,1906.9,1877.1
2016-01-25,1877.1,1903.6
2016-01-26,1903.6,1883.0
2016-01-27,1883.0,1893.4
2016-01-28,1893.4,1940.2
2016-01-29,1940.2,1939.4
2016-02-01,1939.4,1903.0
2016-02-02,1903.0,1912.5
2016-02-03,1912.5,1915.5
2016-02-04,1915.5,1880.0
2016-02-05,1880.0,1853.4
2016-02-08,1853.4,1852.2
2016-02-09,1852.2,1851.9
2016-02-10,1851.9,1829.1
2016-02-11,1829.1,1864.8
2016-02-12,1864.8,1895.6
2016-02-16,1895.6,1926.8
2016-02-17,1926.8,1917.8
2016-02-18,1917.8,1917.8
2016-02-19,1917.8,1945.5
2016-02-22,1945.5,1921.3
2016-02-23,1921.3,1929.8
2016-02-24,1929.8,1951.7
2016-02-25,1951.7,1948.0
2016-02-26,1948.0,1932.2
2016-02-29,1932.2,1978.3
2016-03-01,1978.3,1986.5
2016-03-02,1986.5,1993.4
2016-03-03,1993.4,2000.0
2016-03-04,2000.0,2001.8
2016-03-07,2001.8,1979.3
2016-03-08,1979.3,1989.3
2016-03-09,1989.3,1989.6
2016-03-10,1989.6,2022.2
2016-03-11,2022.2,2019.6
2016-03-14,2019.6,2015.9
2016-03-15,2015.9,2027.2
2016-03-16,2027.2,2040.6
2016-03-17,2040.6,2049.6
2016-03-18,2049.6,2051.6
2016-03-21,2051.6,2049.8
2016-03-22,2049.8,2036.7
2016-03-23,2036.7,2035.9
2016-03-24,2035.9,2037.0
2016-03-28,2037.0,2055.0
2016-03-29,2055.0,2063.9
2016-03-30,2063.9,2059.7
2016-03-31,2059.7,2072.8
2016-04-01,2072.8,2066.1
2016-04-04,2066.1,2045.2
2016-04-05,2045.2,2066.7
2016-04-06,2066.7,2041.9
2016-04-07,2041.9,2047.6
2016-04-08,2047.6,2042.0
2016-04-11,2042.0,2061.7
2016-04-12,2061.7,2082.4
2016-04-13,2082.4,2082.8
2016-04-14,2082.8,2080.7
2016-04-15,2080.7,2094.3
2016-04-18,2094.3,2100.8
2016-04-19,2100.8,2102.4
2016-04-20,2102.4,2091.5
2016-04-21,2091.5,2091.6
2016-04-22,2091.6,2087.8
2016-04-25,2087.8,2091.7
2016-04-26,2091.7,2095.2
2016-04-27,2095.2,2075.8
2016-04-28,2075.8,2065.3
2016-04-29,2065.3,2081.4
2016-05-02,2081.4,2063.4
2016-05-03,2063.4,2051.1
2016-05-04,2051.1,2050.6
2016-05-05,2050.6,2057.1
2016-05-06,2057.1,2058.7
2016-05-09,2058.7,2084.4
2016-05-10,2084.4,2064.5
2016-05-11,2064.5,2064.1
2016-05-12,2064.1,2046.6
2016-05-13,2046.6,2066.7
2016-05-16,2066.7,2047.2
2016-05-17,2047.2,2047.6
2016-05-18,2047.6,2040.0
2016-05-19,2040.0,2052.3
2016-05-20,2052.3,2048.0
2016-05-23,2048.0,2076.1
2016-05-24,2076.1,2090.5
2016-05-25,2090.5,2090.1
2016-05-26,2090.1,2099.1
2016-05-27,2099.1,2097.0
2016-05-31,2097.0,2099.3
2016-06-01,2099.3,2105.3
2016-06-02,2105.3,2099.1
2016-06-03,2099.1,2109.4
2016-06-06,2109.4,2112.1
2016-06-07,2112.1,2119.1
2016-06-08,2119.1,2115.5
2016-06-09,2115.5,2096.1
2016-06-10,2096.1,2079.1
2016-06-13,2079.1,2075.3
2016-06-14,2075.3,2071.5
2016-06-15,2071.5,2078.0
2016-06-16,2078.0,2071.2
2016-06-17,2071.2,2083.2
2016-06-20,2083.2,2088.9
2016-06-21,2088.9,2085.4
2016-06-22,2085.4,2113.3
2016-06-23,2113.3,2037.4
2016-06-24,2037.4,2000.5
2016-06-27,2000.5,2036.1
2016-06-28,2036.1,2070.8
2016-06-29,2070.8,2098.9
2016-06-30,2098.9,2102.9
2016-07-01,2102.9,2088.6
2016-07-05,2088.6,2099.7
2016-07-06,2099.7,2097.9
2016-07-07,2097.9,2129.9
2016-07-08,2129.9,2137.2
2016-07-11,2137.2,2152.1
2016-07-12,2152.1,2152.4
2016-07-13,2152.4,2163.8
2016-07-14,2163.8,2161.7
2016-07-15,2161.7,2166.9
2016-07-18,2166.9,2163.8
2016-07-19,2163.8,2173.0
2016-07-20,2173.0,2165.2
2016-07-21,2165.2,2175.0
2016-07-22,2175.0,2168.5
2016-07-25,2168.5,2169.2
2016-07-26,2169.2,2166.6
2016-07-27,2166.6,2170.1
2016-07-28,2170.1,2173.6
2016-07-29,2173.6,2170.8
2016-08-01,2170.8,2157.0
2016-08-02,2157.0,2163.8
2016-08-03,2163.8,2164.2
2016-08-04,2164.2,2182.9
2016-08-05,2182.9,2180.9
2016-08-08,2180.9,2181.7
2016-08-09,2181.7,2175.5
2016-08-10,2175.5,2185.8
2016-08-11,2185.8,2184.1
2016-08-12,2184.1,2190.2
2016-08-15,2190.2,2178.2
2016-08-16,2178.2,2182.2
2016-08-17,2182.2,2187.0
2016-08-18,2187.0,2183.9
2016-08-19,2183.9,2182.6
2016-08-22,2182.6,2186.9
2016-08-23,2186.9,2175.4
2016-08-24,2175.4,2172.5
2016-08-25,2172.5,2169.0
2016-08-26,2169.0,2180.4
2016-08-29,2180.4,2176.1
2016-08-30,2176.1,2170.9
2016-08-31,2170.9,2170.9
2016-09-01,2170.9,2180.0
2016-09-02,2180.0,2186.5
2016-09-06,2186.5,2186.2
2016-09-07,2186.2,2181.3
2016-09-08,2181.3,2127.8
2016-09-09,2127.8,2159.0
2016-09-12,2159.0,2127.0
2016-09-13,2127.0,2125.8
2016-09-14,2125.8,2147.3
2016-09-15,2147.3,2139.2
2016-09-16,2139.2,2139.1
2016-09-19,2139.1,2139.8
2016-09-20,2139.8,2163.1
2016-09-21,2163.1,2177.2
2016-09-22,2177.2,2164.7
2016-09-23,2164.7,2146.1
2016-09-26,2146.1,2159.9
2016-09-27,2159.9,2171.4
2016-09-28,2171.4,2151.1
2016-09-29,2151.1,2168.3
2016-09-30,2168.3,2161.2
2016-10-03,2161.2,2150.5
2016-10-04,2150.5,2159.7
2016-10-05,2159.7,2160.8
2016-10-06,2160.8,2153.7
2016-10-07,2153.7,2163.7
2016-10-10,2163.7,2136.7
2016-10-11,2136.7,2139.2
2016-10-12,2139.2,2132.6
2016-10-13,2132.6,2133.0
2016-10-14,2133.0,2126.5
2016-10-17,2126.5,2139.6
2016-10-18,2139.6,2144.3
2016-10-19,2144.3,2141.3
2016-10-20,2141.3,2141.2
2016-10-21,2141.2,2151.3
2016-10-24,2151.3,2143.2
2016-10-25,2143.2,2139.4
2016-10-26,2139.4,2133.0
2016-10-27,2133.0,2126.4
2016-10-28,2126.4,2126.2
2016-10-31,2126.2,2111.7
2016-11-01,2111.7,2097.9
2016-11-02,2097.9,2088.7
2016-11-03,2088.7,2085.2
2016-11-04,2085.2,2131.5
2016-11-07,2131.5,2139.6
2016-11-08,2139.6,2163.3
2016-11-09,2163.3,2167.5
2016-11-10,2167.5,2164.4
2016-11-11,2164.4,2164.2
2016-11-14,2164.2,2180.4
2016-11-15,2180.4,2176.9
2016-11-16,2176.9,2187.1
2016-11-17,2187.1,2181.9
2016-11-18,2181.9,2198.2
2016-11-21,2198.2,2202.9
2016-11-22,2202.9,2204.7
2016-11-23,2204.7,2213.3
2016-11-25,2213.3,2201.7
2016-11-28,2201.7,2204.7
2016-11-29,2204.7,2198.8
2016-11-30,2198.8,2191.1
2016-12-01,2191.1,2191.9
2016-12-02,2191.9,2204.7
2016-12-05,2204.7,2212.2
2016-12-06,2212.2,2241.3
2016-12-07,2241.3,2246.2
2016-12-08,2246.2,2259.5
2016-12-09,2259.5,2257.0
2016-12-12,2257.0,2271.7
2016-12-13,2271.7,2253.3
2016-12-14,2253.3,2262.0
2016-12-15,2262.0,2258.1
2016-12-16,2258.1,2262.5
2016-12-19,2262.5,2270.8
2016-12-20,2270.8,2265.2
2016-12-21,2265.2,2261.0
2016-12-22,2261.0,2263.8
2016-12-23,2263.8,2268.9
2016-12-27,2268.9,2249.9
2016-12-28,2249.9,2249.3
2016-12-29,2249.3,2238.8
2016-12-30,2238.8,2257.8
2017-01-03,2257.8,2270.8
2017-01-04,2270.8,2269.0
2017-01-05,2269.0,2277.0
2017-01-06,2277.0,2268.9
2017-01-09,2268.9,2268.9
2017-01-10,2268.9,2275.3
2017-01-11,2275.3,2270.4
2017-01-12,2270.4,2274.6
2017-01-13,2274.6,2267.9
2017-01-17,2267.9,2271.9
2017-01-18,2271.9,2263.7
2017-01-19,2263.7,2271.3
2017-01-20,2271.3,2265.2
2017-01-23,2265.2,2280.1
2017-01-24,2280.1,2298.4
2017-01-25,2298.4,2296.7
2017-01-26,2296.7,2294.7
2017-01-27,2294.7,2280.9
2017-01-30,2280.9,2278.9
2017-01-31,2278.9,2279.6
2017-02-01,2279.6,2280.8
2017-02-02,2280.8,2297.4
2017-02-03,2297.4,2292.6
2017-02-06,2292.6,2293.1
2017-02-07,2293.1,2294.7
2017-02-08,2294.7,2307.9
2017-02-09,2307.9,2316.1
2017-02-10,2316.1,2328.2
2017-02-13,2328.2,2337.6
2017-02-14,2337.6,2349.2
2017-02-15,2349.2,2347.2
2017-02-16,2347.2,2351.2
2017-02-17,2351.2,2365.4
2017-02-21,2365.4,2362.8
2017-02-22,2362.8,2363.8
2017-02-23,2363.8,2367.3
2017-02-24,2367.3,2369.8
2017-02-27,2369.8,2363.6
2017-02-28,2363.6,2396.0
2017-03-01,2396.0,2381.9
2017-03-02,2381.9,2383.1
2017-03-03,2383.1,2375.3
2017-03-06,2375.3,2368.4
2017-03-07,2368.4,2363.0
2017-03-08,2363.0,2364.9
2017-03-09,2364.9,2372.6
2017-03-10,2372.6,2373.5
2017-03-13,2373.5,2365.4
2017-03-14,2365.4,2385.3
2017-03-15,2385.3,2381.4
2017-03-16,2381.4,2378.2
2017-03-17,2378.2,2373.5
2017-03-20,2373.5,2344.0
2017-03-21,2344.0,2348.4
2017-03-22,2348.4,2346.0
2017-03-23,2346.0,2344.0
2017-03-24,2344.0,2341.6
2017-03-27,2341.6,2358.6
2017-03-28,2358.6,2361.1
2017-03-29,2361.1,2368.1
2017-03-30,2368.1,2362.7
2017-03-31,2362.7,2358.8
2017-04-03,2358.8,2360.2
2017-04-04,2360.2,2352.9
2017-04-05,2352.9,2357.5
2017-04-06,2357.5,2355.5
2017-04-07,2355.5,2357.2
2017-04-10,2357.2,2353.8
2017-04-11,2353.8,2344.9
2017-04-12,2344.9,2328.9
2017-04-13,2328.9,2349.0
2017-04-17,2349.0,2342.2
2017-04-18,2342.2,2338.2
2017-04-19,2338.2,2355.8
2017-04-20,2355.8,2348.7
2017-04-21,2348.7,2374.2
2017-04-24,2374.2,2388.6
2017-04-25,2388.6,2387.4
2017-04-26,2387.4,2388.8
2017-04-27,2388.8,2384.2
2017-04-28,2384.2,2388.3
2017-05-01,2388.3,2391.2
2017-05-02,2391.2,2388.1
2017-05-03,2388.1,2389.5
2017-05-04,2389.5,2399.3
2017-05-05,2399.3,2399.4
2017-05-08,2399.4,2396.9
2017-05-09,2396.9,2399.6
2017-05-10,2399.6,2394.4
2017-05-11,2394.4,2390.9
2017-05-12,2390.9,2402.3
2017-05-15,2402.3,2400.7
2017-05-16,2400.7,2357.0
2017-05-17,2357.0,2365.7
2017-05-18,2365.7,2381.7
2017-05-19,2381.7,2394.0
2017-05-22,2394.0,2398.4
2017-05-23,2398.4,2404.4
2017-05-24,2404.4,2415.1
2017-05-25,2415.1,2415.8
2017-05-26,2415.8,2412.9
2017-05-30,2412.9,2411.8
2017-05-31,2411.8,2430.1
2017-06-01,2430.1,2439.1
2017-06-02,2439.1,2436.1
2017-06-05,2436.1,2429.3
2017-06-06,2429.3,2433.1
2017-06-07,2433.1,2433.8
2017-06-08,2433.8,2431.8
2017-06-09,2431.8,2429.4
2017-06-12,2429.4,2440.3
2017-06-13,2440.3,2437.9
2017-06-14,2437.9,2432.5
2017-06-15,2432.5,2433.2
2017-06-16,2433.2,2453.5
2017-06-19,2453.5,2437.0
2017-06-20,2437.0,2435.6
2017-06-21,2435.6,2434.5
2017-06-22,2434.5,2438.3
2017-06-23,2438.3,2439.1
2017-06-26,2439.1,2419.4
2017-06-27,2419.4,2440.7
2017-06-28,2440.7,2419.7
2017-06-29,2419.7,2423.4
2017-06-30,2423.4,2429.0
2017-07-03,2429.0,2432.5
2017-07-05,2432.5,2409.8
2017-07-06,2409.8,2425.2
2017-07-07,2425.2,2427.4
2017-07-10,2427.4,2425.5
2017-07-11,2425.5,2443.2
2017-07-12,2443.2,2447.8
2017-07-13,2447.8,2459.3
2017-07-14,2459.3,2459.1
2017-07-17,2459.1,2460.6
2017-07-18,2460.6,2473.8
2017-07-19,2473.8,2473.4
2017-07-20,2473.4,2472.5
2017-07-21,2472.5,2469.9
2017-07-24,2469.9,2477.1
2017-07-25,2477.1,2477.8
2017-07-26,2477.8,2475.4
2017-07-27,2475.4,2472.1
2017-07-28,2472.1,2470.3
2017-07-31,2470.3,2476.3
2017-08-01,2476.3,2477.6
2017-08-02,2477.6,2472.2
2017-08-03,2472.2,2476.8
2017-08-04,2476.8,2480.9
2017-08-07,2480.9,2474.9
2017-08-08,2474.9,2474.0
2017-08-09,2474.0,2438.2
2017-08-10,2438.2,2441.3
2017-08-11,2441.3,2465.8
2017-08-14,2465.8,2464.6
2017-08-15,2464.6,2468.1
2017-08-16,2468.1,2430.0
2017-08-17,2430.0,2425.6
2017-08-18,2425.6,2428.4
2017-08-21,2428.4,2452.5
2017-08-22,2452.5,2444.0
2017-08-23,2444.0,2439.0
2017-08-24,2439.0,2443.1
2017-08-25,2443.1,2444.2
2017-08-28,2444.2,2446.3
2017-08-29,2446.3,2457.6
2017-08-30,2457.6,2471.7
2017-08-31,2471.7,2476.6
2017-09-01,2476.6,2457.8
2017-09-05,2457.8,2465.5
2017-09-06,2465.5,2465.1
2017-09-07,2465.1,2461.4
2017-09-08,2461.4,2488.1
2017-09-11,2488.1,2496.5
2017-09-12,2496.5,2498.4
2017-09-13,2498.4,2495.6
2017-09-14,2495.6,2500.2
2017-09-15,2500.2,2503.9
2017-09-18,2503.9,2506.7
2017-09-19,2506.7,2508.2
2017-09-20,2508.2,2500.6
2017-09-21,2500.6,2502.2
2017-09-22,2502.2,2496.7
2017-09-25,2496.7,2496.8
2017-09-26,2496.8,2507.0
2017-09-27,2507.0,2510.1
2017-09-28,2510.1,2519.4
2017-09-29,2519.4,2529.1
2017-10-02,2529.1,2534.6
2017-10-03,2534.6,2537.7
2017-10-04,2537.7,2552.1
2017-10-05,2552.1,2549.3
2017-10-06,2549.3,2544.7
2017-10-09,2544.7,2550.6
2017-10-10,2550.6,2555.2
2017-10-11,2555.2,2550.9
2017-10-12,2550.9,2553.2
2017-10-13,2553.2,2557.6
2017-10-16,2557.6,2559.4
2017-10-17,2559.4,2561.3
2017-10-18,2561.3,2562.1
2017-10-19,2562.1,2575.2
2017-10-20,2575.2,2565.0
2017-10-23,2565.0,2569.1
2017-10-24,2569.1,2557.2
2017-10-25,2557.2,2560.4
2017-10-26,2560.4,2581.1
2017-10-27,2581.1,2572.8
2017-10-30,2572.8,2575.3
2017-10-31,2575.3,2579.4
2017-11-01,2579.4,2579.8
2017-11-02,2579.8,2587.8
2017-11-03,2587.8,2591.1
2017-11-06,2591.1,2590.6
2017-11-07,2590.6,2594.4
2017-11-08,2594.4,2584.6
2017-11-09,2584.6,2582.3
2017-11-10,2582.3,2584.8
2017-11-13,2584.8,2578.9
2017-11-14,2578.9,2564.6
2017-11-15,2564.6,2585.6
2017-11-16,2585.6,2578.8
2017-11-17,2578.8,2582.1
2017-11-20,2582.1,2599.0
2017-11-21,2599.0,2597.1
2017-11-22,2597.1,2602.4
2017-11-24,2602.4,2601.4
2017-11-27,2601.4,2627.0
2017-11-28,2627.0,2626.1
2017-11-29,2626.1,2647.6
2017-11-30,2647.6,2642.2
2017-12-01,2642.2,2639.4
2017-12-04,2639.4,2629.6
2017-12-05,2629.6,2629.3
2017-12-06,2629.3,2637.0
2017-12-07,2637.0,2651.5
2017-12-08,2651.5,2660.0
2017-12-11,2660.0,2664.1
2017-12-12,2664.1,2662.8
2017-12-13,2662.8,2652.0
2017-12-14,2652.0,2675.8
2017-12-15,2675.8,2690.2
2017-12-18,2690.2,2681.5
2017-12-19,2681.5,2679.2
2017-12-20,2679.2,2684.6
2017-12-21,2684.6,2683.3
2017-12-22,2683.3,2680.5
2017-12-26,2680.5,2682.6
2017-12-27,2682.6,2687.5
2017-12-28,2687.5,2673.6
2017-12-29,2673.6,2695.8
2018-01-02,2695.8,2713.1
2018-01-03,2713.1,2724.0
2018-01-04,2724.0,2743.2
2018-01-05,2743.2,2747.7
2018-01-08,2747.7,2751.3
2018-01-09,2751.3,2748.2
2018-01-10,2748.2,2767.6
2018-01-11,2767.6,2786.2
2018-01-12,2786.2,2776.4
2018-01-16,2776.4,2802.6
2018-01-17,2802.6,2798.0
2018-01-18,2798.0,2810.3
2018-01-19,2810.3,2833.0
2018-01-22,2833.0,2839.1
2018-01-23,2839.1,2837.5
2018-01-24,2837.5,2839.2
2018-01-25,2839.2,2872.9
2018-01-26,2872.9,2853.5
2018-01-29,2853.5,2822.4
2018-01-30,2822.4,2823.8
2018-01-31,2823.8,2822.0
2018-02-01,2822.0,2762.1
2018-02-02,2762.1,2648.9
2018-02-05,2648.9,2695.1
2018-02-06,2695.1,2681.7
2018-02-07,2681.7,2581.0
2018-02-08,2581.0,2619.6
2018-02-09,2619.6,2656.0
2018-02-12,2656.0,2662.9
2018-02-13,2662.9,2698.6
2018-02-14,2698.6,2731.2
2018-02-15,2731.2,2732.2
2018-02-16,2732.2,2716.3
2018-02-20,2716.3,2701.3
2018-02-21,2701.3,2704.0
2018-02-22,2704.0,2747.3
2018-02-23,2747.3,2779.6
2018-02-26,2779.6,2744.3
2018-02-27,2744.3,2713.8
2018-02-28,2713.8,2677.7
2018-03-01,2677.7,2691.2
2018-03-02,2691.2,2720.9
2018-03-05,2720.9,2728.1
2018-03-06,2728.1,2726.8
2018-03-07,2726.8,2739.0
2018-03-08,2739.0,2786.6
2018-03-09,2786.6,2783.0
2018-03-12,2783.0,2765.3
2018-03-13,2765.3,2749.5
2018-03-14,2749.5,2747.3
2018-03-15,2747.3,2752.0
2018-03-16,2752.0,2712.9
2018-03-19,2712.9,2716.9
2018-03-20,2716.9,2711.9
2018-03-21,2711.9,2643.7
2018-03-22,2643.7,2588.3
2018-03-23,2588.3,2658.6
2018-03-26,2658.6,2612.6
2018-03-27,2612.6,2605.0
2018-03-28,2605.0,2640.9
2018-03-29,2640.9,2581.9
2018-04-02,2581.9,2614.4
2018-04-03,2614.4,2644.7
2018-04-04,2644.7,2662.8
2018-04-05,2662.8,2604.5
2018-04-06,2604.5,2613.2
2018-04-09,2613.2,2656.9
2018-04-10,2656.9,2642.2
2018-04-11,2642.2,2664.0
2018-04-12,2664.0,2656.3
2018-04-13,2656.3,2677.8
2018-04-16,2677.8,2706.4
2018-04-17,2706.4,2708.6
2018-04-18,2708.6,2693.1
2018-04-19,2693.1,2670.1
2018-04-20,2670.1,2670.3
2018-04-23,2670.3,2634.6
2018-04-24,2634.6,2639.4
2018-04-25,2639.4,2666.9
2018-04-26,2666.9,2669.9
2018-04-27,2669.9,2648.1
2018-04-30,2648.1,2654.8
2018-05-01,2654.8,2635.7
2018-05-02,2635.7,2629.7
2018-05-03,2629.7,2663.4
2018-05-04,2663.4,2672.6
2018-05-07,2672.6,2671.9
2018-05-08,2671.9,2697.8
2018-05-09,2697.8,2723.1
2018-05-10,2723.1,2727.7
2018-05-11,2727.7,2730.1
2018-05-14,2730.1,2711.4
2018-05-15,2711.4,2722.5
2018-05-16,2722.5,2720.1
2018-05-17,2720.1,2713.0
2018-05-18,2713.0,2733.0
2018-05-21,2733.0,2724.4
2018-05-22,2724.4,2733.3
2018-05-23,2733.3,2727.8
2018-05-24,2727.8,2721.3
2018-05-25,2721.3,2689.9
2018-05-29,2689.9,2724.0
2018-05-30,2724.0,2705.3
2018-05-31,2705.3,2734.6
2018-06-01,2734.6,2746.9
2018-06-04,2746.9,2748.8
2018-06-05,2748.8,2772.3
2018-06-06,2772.3,2770.4
2018-06-07,2770.4,2779.0
2018-06-08,2779.0,2782.0
2018-06-11,2782.0,2786.8
2018-06-12,2786.8,2775.6
2018-06-13,2775.6,2782.5
2018-06-14,2782.5,2779.7
2018-06-15,2779.7,2773.8
2018-06-18,2773.8,2762.6
2018-06-19,2762.6,2767.3
2018-06-20,2767.3,2749.8
2018-06-21,2749.8,2754.9
2018-06-22,2754.9,2717.1
2018-06-25,2717.1,2723.1
2018-06-26,2723.1,2699.6
2018-06-27,2699.6,2716.3
2018-06-28,2716.3,2718.4
2018-06-29,2718.4,2726.7
2018-07-02,2726.7,2713.2
2018-07-03,2713.2,2736.6
2018-07-05,2736.6,2759.8
2018-07-06,2759.8,2784.2
2018-07-09,2784.2,2793.8
2018-07-10,2793.8,2774.0
2018-07-11,2774.0,2798.3
2018-07-12,2798.3,2801.3
2018-07-13,2801.3,2798.4
2018-07-16,2798.4,2809.6
2018-07-17,2809.6,2815.6
2018-07-18,2815.6,2804.5
2018-07-19,2804.5,2801.8
2018-07-20,2801.8,2807.0
2018-07-23,2807.0,2820.4
2018-07-24,2820.4,2846.1
2018-07-25,2846.1,2837.4
2018-07-26,2837.4,2818.8
2018-07-27,2818.8,2802.6
2018-07-30,2802.6,2816.3
2018-07-31,2816.3,2813.4
2018-08-01,2813.4,2827.2
2018-08-02,2827.2,2840.3
2018-08-03,2840.3,2850.4
2018-08-06,2850.4,2858.4
2018-08-07,2858.4,2857.7
2018-08-08,2857.7,2853.6
2018-08-09,2853.6,2833.3
2018-08-10,2833.3,2821.9
2018-08-13,2821.9,2840.0
2018-08-14,2840.0,2818.4
2018-08-15,2818.4,2840.7
2018-08-16,2840.7,2850.1
2018-08-17,2850.1,2857.1
2018-08-20,2857.1,2863.0
2018-08-21,2863.0,2861.8
2018-08-22,2861.8,2857.0
2018-08-23,2857.0,2874.7
2018-08-24,2874.7,2896.7
2018-08-27,2896.7,2897.5
2018-08-28,2897.5,2914.0
2018-08-29,2914.0,2901.1
2018-08-30,2901.1,2901.5
2018-08-31,2901.5,2896.7
2018-09-04,2896.7,2888.6
2018-09-05,2888.6,2878.1
2018-09-06,2878.1,2871.7
2018-09-07,2871.7,2877.1
2018-09-10,2877.1,2887.9
2018-09-11,2887.9,2888.9
2018-09-12,2888.9,2904.2
2018-09-13,2904.2,2905.0
2018-09-14,2905.0,2888.8
2018-09-17,2888.8,2904.3
2018-09-18,2904.3,2907.9
2018-09-19,2907.9,2930.8
2018-09-20,2930.8,2929.7
2018-09-21,2929.7,2919.4
2018-09-24,2919.4,2915.6
2018-09-25,2915.6,2906.0
2018-09-26,2906.0,2914.0
2018-09-27,2914.0,2914.0
2018-09-28,2914.0,2924.6
2018-10-01,2924.6,2923.4
2018-10-02,2923.4,2925.5
2018-10-03,2925.5,2901.6
2018-10-04,2901.6,2885.6
2018-10-05,2885.6,2884.4
2018-10-08,2884.4,2880.3
2018-10-09,2880.3,2785.7
2018-10-10,2785.7,2728.4
2018-10-11,2728.4,2767.1
2018-10-12,2767.1,2750.8
2018-10-15,2750.8,2809.9
2018-10-16,2809.9,2809.2
2018-10-17,2809.2,2768.8
2018-10-18,2768.8,2767.8
2018-10-19,2767.8,2755.9
2018-10-22,2755.9,2740.7
2018-10-23,2740.7,2656.1
2018-10-24,2656.1,2705.6
2018-10-25,2705.6,2658.7
2018-10-26,2658.7,2641.2
2018-10-29,2641.2,2682.6
2018-10-30,2682.6,2711.7
2018-10-31,2711.7,2740.4
2018-11-01,2740.4,2723.1
2018-11-02,2723.1,2738.3
2018-11-05,2738.3,2755.4
2018-11-06,2755.4,2813.9
2018-11-07,2813.9,2806.8
2018-11-08,2806.8,2781.0
2018-11-09,2781.0,2726.2
2018-11-12,2726.2,2722.2
2018-11-13,2722.2,2701.6
2018-11-14,2701.6,2730.2
2018-11-15,2730.2,2736.3
2018-11-16,2736.3,2690.7
2018-11-19,2690.7,2641.9
2018-11-20,2641.9,2649.9
2018-11-21,2649.9,2632.6
2018-11-23,2632.6,2673.4
2018-11-26,2673.4,2682.2
2018-11-27,2682.2,2743.8
2018-11-28,2743.8,2737.8
2018-11-29,2737.8,2760.2
2018-11-30,2760.2,2790.4
2018-12-03,2790.4,2700.1
2018-12-04,2700.1,2695.9
2018-12-06,2695.9,2633.1
2018-12-07,2633.1,2637.7
2018-12-10,2637.7,2636.8
2018-12-11,2636.8,2651.1
2018-12-12,2651.1,2650.5
2018-12-13,2650.5,2599.9
2018-12-14,2599.9,2545.9
2018-12-17,2545.9,2546.2
2018-12-18,2546.2,2507.0
2018-12-19,2507.0,2467.4
2018-12-20,2467.4,2416.6
2018-12-21,2416.6,2351.1
2018-12-24,2351.1,2467.7
2018-12-26,2467.7,2488.8
2018-12-27,2488.8,2485.7
2018-12-28,2485.7,2506.8
2018-12-31,2506.8,2510.0
2019-01-02,2510.0,2447.9
2019-01-03,2447.9,2531.9
2019-01-04,2531.9,2549.7
2019-01-07,2549.7,2574.4
2019-01-08,2574.4,2585.0
2019-01-09,2585.0,2596.6
2019-01-10,2596.6,2596.3
2019-01-11,2596.3,2582.6
2019-01-14,2582.6,2610.3
2019-01-15,2610.3,2616.1
2019-01-16,2616.1,2636.0
2019-01-17,2636.0,2670.7
2019-01-18,2670.7,2632.9
2019-01-22,2632.9,2638.7
2019-01-23,2638.7,2642.3
2019-01-24,2642.3,2664.8
2019-01-25,2664.8,2643.8
2019-01-28,2643.8,2640.0
2019-01-29,2640.0,2681.1
2019-01-30,2681.1,2704.1
2019-01-31,2704.1,2706.5
2019-02-01,2706.5,2724.9
2019-02-04,2724.9,2737.7
2019-02-05,2737.7,2731.6
2019-02-06,2731.6,2706.1
2019-02-07,2706.1,2707.9
2019-02-08,2707.9,2709.8
2019-02-11,2709.8,2744.7
2019-02-12,2744.7,2753.0
2019-02-13,2753.0,2745.7
2019-02-14,2745.7,2775.6
2019-02-15,2775.6,2779.8
2019-02-19,2779.8,2784.7
2019-02-20,2784.7,2774.9
2019-02-21,2774.9,2792.7
2019-02-22,2792.7,2796.1
2019-02-25,2796.1,2793.9
2019-02-26,2793.9,2792.4
2019-02-27,2792.4,2784.5
2019-02-28,2784.5,2803.7
2019-03-01,2803.7,2792.8
2019-03-04,2792.8,2789.7
2019-03-05,2789.7,2771.4
2019-03-06,2771.4,2748.9
2019-03-07,2748.9,2743.1
2019-03-08,2743.1,2783.3
2019-03-11,2783.3,2791.5
2019-03-12,2791.5,2810.9
2019-03-13,2810.9,2808.5
2019-03-14,2808.5,2822.5
2019-03-15,2822.5,2832.9
2019-03-18,2832.9,2832.6
2019-03-19,2832.6,2824.2
2019-03-20,2824.2,2854.9
2019-03-21,2854.9,2800.7
2019-03-22,2800.7,2798.4
2019-03-25,2798.4,2818.5
2019-03-26,2818.5,2805.4
2019-03-27,2805.4,2815.4
2019-03-28,2815.4,2834.4
2019-03-29,2834.4,2867.2
2019-04-01,2867.2,2867.2
2019-04-02,2867.2,2873.4
2019-04-03,2873.4,2879.4
2019-04-04,2879.4,2892.7
2019-04-05,2892.7,2895.8
2019-04-08,2895.8,2878.2
2019-04-09,2878.2,2888.2
2019-04-10,2888.2,2888.3
2019-04-11,2888.3,2907.4
2019-04-12,2907.4,2905.6
2019-04-15,2905.6,2907.1
2019-04-16,2907.1,2900.4
2019-04-17,2900.4,2905.0
2019-04-18,2905.0,2908.0
2019-04-22,2908.0,2933.7
2019-04-23,2933.7,2927.2
2019-04-24,2927.2,2926.2
2019-04-25,2926.2,2939.9
2019-04-26,2939.9,2943.0
2019-04-29,2943.0,2945.8
2019-04-30,2945.8,2923.7
2019-05-01,2923.7,2917.5
2019-05-02,2917.5,2945.6
2019-05-03,2945.6,2932.5
2019-05-06,2932.5,2884.1
2019-05-07,2884.1,2879.4
2019-05-08,2879.4,2870.7
2019-05-09,2870.7,2881.4
2019-05-10,2881.4,2811.9
2019-05-13,2811.9,2834.4
2019-05-14,2834.4,2851.0
2019-05-15,2851.0,2876.3
2019-05-16,2876.3,2859.5
2019-05-17,2859.5,2840.2
2019-05-20,2840.2,2864.4
2019-05-21,2864.4,2856.3
2019-05-22,2856.3,2822.2
2019-05-23,2822.2,2826.1
2019-05-24,2826.1,2802.4
2019-05-28,2802.4,2783.0
2019-05-29,2783.0,2788.9
2019-05-30,2788.9,2752.1
2019-05-31,2752.1,2744.4
2019-06-03,2744.4,2803.3
2019-06-04,2803.3,2826.2
2019-06-05,2826.2,2843.5
2019-06-06,2843.5,2873.3
2019-06-07,2873.3,2886.7
2019-06-10,2886.7,2885.7
2019-06-11,2885.7,2879.8
2019-06-12,2879.8,2891.6
2019-06-13,2891.6,2887.0
2019-06-14,2887.0,2889.7
2019-06-17,2889.7,2917.8
2019-06-18,2917.8,2926.5
2019-06-19,2926.5,2954.2
2019-06-20,2954.2,2950.5
2019-06-21,2950.5,2945.3
2019-06-24,2945.3,2917.4
2019-06-25,2917.4,2913.8
2019-06-26,2913.8,2924.9
2019-06-27,2924.9,2941.8
2019-06-28,2941.8,2964.3
2019-07-01,2964.3,2973.0
2019-07-02,2973.0,2995.8
2019-07-03,2995.8,2990.4
2019-07-05,2990.4,2975.9
2019-07-08,2975.9,2979.6
2019-07-09,2979.6,2993.1
2019-07-10,2993.1,2999.9
2019-07-11,2999.9,3013.8
2019-07-12,3013.8,3014.3
2019-07-15,3014.3,3004.0
2019-07-16,3004.0,2984.4
2019-07-17,2984.4,2995.1
2019-07-18,2995.1,2976.6
2019-07-19,2976.6,2985.0
2019-07-22,2985.0,3005.5
2019-07-23,3005.5,3019.6
2019-07-24,3019.6,3003.7
2019-07-25,3003.7,3025.9
2019-07-26,3025.9,3021.0
2019-07-29,3021.0,3013.2
2019-07-30,3013.2,2980.4
2019-07-31,2980.4,2953.6
2019-08-01,2953.6,2932.1
2019-08-02,2932.1,2844.7
2019-08-05,2844.7,2881.8
2019-08-06,2881.8,2884.0
2019-08-07,2884.0,2938.1
2019-08-08,2938.1,2918.7
2019-08-09,2918.7,2883.8
2019-08-12,2883.8,2926.3
2019-08-13,2926.3,2840.6
2019-08-14,2840.6,2847.6
2019-08-15,2847.6,2888.7
2019-08-16,2888.7,2923.7
2019-08-19,2923.7,2900.5
2019-08-20,2900.5,2924.4
2019-08-21,2924.4,2922.9
2019-08-22,2922.9,2847.1
2019-08-23,2847.1,2878.4
2019-08-26,2878.4,2869.2
2019-08-27,2869.2,2887.9
2019-08-28,2887.9,2924.6
2019-08-29,2924.6,2926.5
2019-08-30,2926.5,2906.3
2019-09-03,2906.3,2937.8
2019-09-04,2937.8,2976.0
2019-09-05,2976.0,2978.7
2019-09-06,2978.7,2978.4
2019-09-09,2978.4,2979.4
2019-09-10,2979.4,3000.9
2019-09-11,3000.9,3009.6
2019-09-12,3009.6,3007.4
2019-09-13,3007.4,2998.0
2019-09-16,2998.0,3005.7
2019-09-17,3005.7,3006.7
2019-09-18,3006.7,3006.8
2019-09-19,3006.8,2992.1
2019-09-20,2992.1,2991.8
2019-09-23,2991.8,2966.6
2019-09-24,2966.6,2984.9
2019-09-25,2984.9,2977.6
2019-09-26,2977.6,2961.8
2019-09-27,2961.8,2976.7
2019-09-30,2976.7,2940.2
2019-10-01,2940.2,2887.6
2019-10-02,2887.6,2910.6
2019-10-03,2910.6,2952.0
2019-10-04,2952.0,2938.8
2019-10-07,2938.8,2893.1
2019-10-08,2893.1,2919.4
2019-10-09,2919.4,2938.1
2019-10-10,2938.1,2970.3
2019-10-11,2970.3,2966.2
2019-10-14,2966.2,2995.7
2019-10-15,2995.7,2989.7
2019-10-16,2989.7,2997.9
2019-10-17,2997.9,2986.2
2019-10-18,2986.2,3006.7
2019-10-21,3006.7,2996.0
2019-10-22,2996.0,3004.5
2019-10-23,3004.5,3010.3
2019-10-24,3010.3,3022.6
2019-10-25,3022.6,3039.4
2019-10-28,3039.4,3036.9
2019-10-29,3036.9,3046.8
2019-10-30,3046.8,3037.6
2019-10-31,3037.6,3066.9
2019-11-01,3066.9,3078.3
2019-11-04,3078.3,3074.6
2019-11-05,3074.6,3076.8
2019-11-06,3076.8,3085.2
2019-11-07,3085.2,3093.1
2019-11-08,3093.1,3087.0
2019-11-11,3087.0,3091.8
2019-11-12,3091.8,3094.0
2019-11-13,3094.0,3096.6
2019-11-14,3096.6,3120.5
2019-11-15,3120.5,3122.0
2019-11-18,3122.0,3120.2
2019-11-19,3120.2,3108.5
2019-11-20,3108.5,3103.5
2019-11-21,3103.5,3110.3
2019-11-22,3110.3,3133.6
2019-11-25,3133.6,3140.5
2019-11-26,3140.5,3153.6
2019-11-27,3153.6,3141.0
2019-11-29,3141.0,3113.9
2019-12-02,3113.9,3093.2
2019-12-03,3093.2,3112.8
2019-12-04,3112.8,3117.4
2019-12-05,3117.4,3145.9
2019-12-06,3145.9,3136.0
2019-12-09,3136.0,3132.5
2019-12-10,3132.5,3141.6
2019-12-11,3141.6,3168.6
2019-12-12,3168.6,3168.8
2019-12-13,3168.8,3191.4
2019-12-16,3191.4,3192.5
2019-12-17,3192.5,3191.1
2019-12-18,3191.1,3205.4
2019-12-19,3205.4,3221.2
2019-12-20,3221.2,3224.0
2019-12-23,3224.0,3223.4
2019-12-24,3223.4,3239.9
2019-12-26,3239.9,3240.0
2019-12-27,3240.0,3221.3
2019-12-30,3221.3,3230.8
2019-12-31,3230.8,3257.8
2020-01-02,3257.8,3234.8
2020-01-03,3234.8,3246.3
2020-01-06,3246.3,3237.2
2020-01-07,3237.2,3253.1
2020-01-08,3253.1,3274.7
2020-01-09,3274.7,3265.3
2020-01-10,3265.3,3288.1
2020-01-13,3288.1,3283.2
2020-01-14,3283.2,3289.3
2020-01-15,3289.3,3316.8
2020-01-16,3316.8,3329.6
2020-01-17,3329.6,3320.8
2020-01-21,3320.8,3321.8
2020-01-22,3321.8,3325.5
2020-01-23,3325.5,3295.5
2020-01-24,3295.5,3243.6
2020-01-27,3243.6,3276.2
2020-01-28,3276.2,3273.4
2020-01-29,3273.4,3283.7
2020-01-30,3283.7,3225.5
2020-01-31,3225.5,3248.9
2020-02-03,3248.9,3297.6
2020-02-04,3297.6,3334.7
2020-02-05,3334.7,3345.8
2020-02-06,3345.8,3327.7
2020-02-07,3327.7,3352.1
2020-02-10,3352.1,3357.8
2020-02-11,3357.8,3379.4
2020-02-12,3379.4,3373.9
2020-02-13,3373.9,3380.2
2020-02-14,3380.2,3370.3
2020-02-18,3370.3,3386.2
2020-02-19,3386.2,3373.2
2020-02-20,3373.2,3337.8
2020-02-21,3337.8,3225.9
2020-02-24,3225.9,3128.2
2020-02-25,3128.2,3116.4
2020-02-26,3116.4,2978.8
2020-02-27,2978.8,2954.2
2020-02-28,2954.2,3090.2
2020-03-02,3090.2,3003.4
2020-03-03,3003.4,3130.1
2020-03-04,3130.1,3023.9
2020-03-05,3023.9,2972.4
2020-03-06,2972.4,2746.6
2020-03-09,2746.6,2882.2
2020-03-10,2882.2,2741.4
2020-03-11,2741.4,2480.6
2020-03-12,2480.6,2711.0
2020-03-13,2711.0,2386.1
2020-03-16,2386.1,2529.2
2020-03-17,2529.2,2398.1
2020-03-18,2398.1,2409.4
2020-03-19,2409.4,2304.9
2020-03-20,2304.9,2237.4
2020-03-23,2237.4,2447.3
2020-03-24,2447.3,2475.6
2020-03-25,2475.6,2630.1
2020-03-26,2630.1,2541.5
2020-03-27,2541.5,2626.7
2020-03-30,2626.7,2584.6
2020-03-31,2584.6,2470.5
2020-04-01,2470.5,2526.9
2020-04-02,2526.9,2488.7
2020-04-03,2488.7,2663.7
2020-04-06,2663.7,2659.4
2020-04-07,2659.4,2750.0
2020-04-08,2750.0,2789.8
2020-04-09,2789.8,2761.6
2020-04-13,2761.6,2846.1
2020-04-14,2846.1,2783.4
2020-04-15,2783.4,2799.6
2020-04-16,2799.6,2874.6
2020-04-17,2874.6,2823.2
2020-04-20,2823.2,2736.6
2020-04-21,2736.6,2799.3
2020-04-22,2799.3,2797.8
2020-04-23,2797.8,2836.7
2020-04-24,2836.7,2878.5
2020-04-27,2878.5,2863.4
2020-04-28,2863.4,2939.5
2020-04-29,2939.5,2912.4
2020-04-30,2912.4,2830.7
2020-05-01,2830.7,2842.7
2020-05-04,2842.7,2868.4
2020-05-05,2868.4,2848.4
2020-05-06,2848.4,2881.2
2020-05-07,2881.2,2929.8
2020-05-08,2929.8,2930.3
2020-05-11,2930.3,2870.1
2020-05-12,2870.1,2820.0
2020-05-13,2820.0,2852.5
2020-05-14,2852.5,2863.7
2020-05-15,2863.7,2953.9
2020-05-18,2953.9,2922.9
2020-05-19,2922.9,2971.6
2020-05-20,2971.6,2948.5
2020-05-21,2948.5,2955.4
2020-05-22,2955.4,2991.8
2020-05-26,2991.8,3036.1
2020-05-27,3036.1,3029.7
2020-05-28,3029.7,3044.3
2020-05-29,3044.3,3055.7
2020-06-01,3055.7,3080.8
2020-06-02,3080.8,3122.9
2020-06-03,3122.9,3112.3
2020-06-04,3112.3,3193.9
2020-06-05,3193.9,3232.4
2020-06-08,3232.4,3207.2
2020-06-09,3207.2,3190.1
2020-06-10,3190.1,3002.1
2020-06-11,3002.1,3041.3
2020-06-12,3041.3,3066.6
2020-06-15,3066.6,3124.7
2020-06-16,3124.7,3113.5
2020-06-17,3113.5,3115.3
2020-06-18,3115.3,3097.7
2020-06-19,3097.7,3117.9
2020-06-22,3117.9,3131.3
2020-06-23,3131.3,3050.3
2020-06-24,3050.3,3083.8
2020-06-25,3083.8,3009.1
2020-06-26,3009.1,3053.2
2020-06-29,3053.2,3100.3
2020-06-30,3100.3,3115.9
2020-07-01,3115.9,3130.0
2020-07-02,3130.0,3179.7
2020-07-06,3179.7,3145.3
2020-07-07,3145.3,3169.9
2020-07-08,3169.9,3152.1
2020-07-09,3152.1,3185.0
2020-07-10,3185.0,3155.2
2020-07-13,3155.2,3197.5
2020-07-14,3197.5,3226.6
2020-07-15,3226.6,3215.6
2020-07-16,3215.6,3224.7
2020-07-17,3224.7,3251.8
2020-07-20,3251.8,3257.3
2020-07-21,3257.3,3276.0
2020-07-22,3276.0,3235.7
2020-07-23,3235.7,3215.6
2020-07-24,3215.6,3239.4
2020-07-27,3239.4,3218.4
2020-07-28,3218.4,3258.4
2020-07-29,3258.4,3246.2
2020-07-30,3246.2,3271.1
2020-07-31,3271.1,3294.6
2020-08-03,3294.6,3306.5
2020-08-04,3306.5,3327.8
2020-08-05,3327.8,3349.2
2020-08-06,3349.2,3351.3
2020-08-07,3351.3,3360.5
2020-08-10,3360.5,3333.7
2020-08-11,3333.7,3380.3
2020-08-12,3380.3,3373.4
2020-08-13,3373.4,3372.8
2020-08-14,3372.8,3382.0
2020-08-17,3382.0,3389.8
2020-08-18,3389.8,3374.8
2020-08-19,3374.8,3385.5
2020-08-20,3385.5,3397.2
2020-08-21,3397.2,3431.3
2020-08-24,3431.3,3443.6
2020-08-25,3443.6,3478.7
2020-08-26,3478.7,3484.6
2020-08-27,3484.6,3508.0
2020-08-28,3508.0,3500.3
2020-08-31,3500.3,3526.7
2020-09-01,3526.7,3580.8
2020-09-02,3580.8,3455.1
2020-09-03,3455.1,3427.0
2020-09-04,3427.0,3331.8
2020-09-08,3331.8,3399.0
2020-09-09,3399.0,3339.2
2020-09-10,3339.2,3341.0
2020-09-11,3341.0,3383.5
2020-09-14,3383.5,3401.2
2020-09-15,3401.2,3385.5
2020-09-16,3385.5,3357.0
2020-09-17,3357.0,3319.5
2020-09-18,3319.5,3281.1
2020-09-21,3281.1,3315.6
2020-09-22,3315.6,3236.9
2020-09-23,3236.9,3246.6
2020-09-24,3246.6,3298.5
2020-09-25,3298.5,3351.6
2020-09-28,3351.6,3335.5
2020-09-29,3335.5,3363.0
2020-09-30,3363.0,3380.8
2020-10-01,3380.8,3348.4
2020-10-02,3348.4,3408.6
2020-10-05,3408.6,3360.9
2020-10-06,3360.9,3419.4
2020-10-07,3419.4,3446.8
2020-10-08,3446.8,3477.1
2020-10-09,3477.1,3534.2
2020-10-12,3534.2,3511.9
2020-10-13,3511.9,3488.7
2020-10-14,3488.7,3483.3
2020-10-15,3483.3,3483.8
2020-10-16,3483.8,3426.9
2020-10-19,3426.9,3443.1
2020-10-20,3443.1,3435.6
2020-10-21,3435.6,3453.5
2020-10-22,3453.5,3465.4
2020-10-23,3465.4,3401.0
2020-10-26,3401.0,3390.7
2020-10-27,3390.7,3271.0
2020-10-28,3271.0,3310.1
2020-10-29,3310.1,3270.0
2020-10-30,3270.0,3310.2
2020-11-02,3310.2,3369.2
2020-11-03,3369.2,3443.4
2020-11-04,3443.4,3510.4
2020-11-05,3510.4,3509.4
2020-11-06,3509.4,3550.5
2020-11-09,3550.5,3545.5
2020-11-10,3545.5,3572.7
2020-11-11,3572.7,3537.0
2020-11-12,3537.0,3585.2
2020-11-13,3585.2,3626.9
2020-11-16,3626.9,3609.5
2020-11-17,3609.5,3567.8
2020-11-18,3567.8,3581.9
2020-11-19,3581.9,3557.5
2020-11-20,3557.5,3577.6
2020-11-23,3577.6,3635.4
2020-11-24,3635.4,3629.7
2020-11-25,3629.7,3638.3
2020-11-27,3638.3,3621.6
2020-11-30,3621.6,3662.4
2020-12-01,3662.4,3669.0
2020-12-02,3669.0,3666.7
2020-12-03,3666.7,3699.1
2020-12-04,3699.1,3692.0
2020-12-07,3692.0,3702.2
2020-12-08,3702.2,3672.8
2020-12-09,3672.8,3668.1
2020-12-10,3668.1,3663.5
2020-12-11,3663.5,3647.5
2020-12-14,3647.5,3694.6
2020-12-15,3694.6,3701.2
2020-12-16,3701.2,3722.5
2020-12-17,3722.5,3709.4
2020-12-18,3709.4,3694.9
2020-12-21,3694.9,3687.3
2020-12-22,3687.3,3690.0
2020-12-23,3690.0,3703.1
2020-12-24,3703.1,3735.4
2020-12-28,3735.4,3727.0
2020-12-29,3727.0,3732.0
2020-12-30,3732.0,3756.1
2020-12-31,3756.1,3700.7
2021-01-04,3700.7,3726.9
2021-01-05,3726.9,3748.1
2021-01-06,3748.1,3803.8
2021-01-07,3803.8,3824.7
2021-01-08,3824.7,3799.6
2021-01-11,3799.6,3801.2
2021-01-12,3801.2,3809.8
2021-01-13,3809.8,3795.5
2021-01-14,3795.5,3768.2
2021-01-15,3768.2,3798.9
2021-01-19,3798.9,3851.8
2021-01-20,3851.8,3853.1
2021-01-21,3853.1,3841.5
2021-01-22,3841.5,3855.4
2021-01-25,3855.4,3849.6
2021-01-26,3849.6,3750.8
2021-01-27,3750.8,3787.4
2021-01-28,3787.4,3714.2
2021-01-29,3714.2,3773.9
2021-02-01,3773.9,3826.3
2021-02-02,3826.3,3830.2
2021-02-03,3830.2,3871.7
2021-02-04,3871.7,3886.8
2021-02-05,3886.8,3915.6
2021-02-08,3915.6,3911.2
2021-02-09,3911.2,3909.9
2021-02-10,3909.9,3916.4
2021-02-11,3916.4,3934.8
2021-02-12,3934.8,3932.6
2021-02-16,3932.6,3931.3
2021-02-17,3931.3,3914.0
2021-02-18,3914.0,3906.7
2021-02-19,3906.7,3876.5
2021-02-22,3876.5,3881.4
2021-02-23,3881.4,3925.4
2021-02-24,3925.4,3829.3
2021-02-25,3829.3,3811.2
2021-02-26,3811.2,3901.8
2021-03-01,3901.8,3870.3
2021-03-02,3870.3,3819.7
2021-03-03,3819.7,3768.5
2021-03-04,3768.5,3841.9
2021-03-05,3841.9,3821.3
2021-03-08,3821.3,3875.4
2021-03-09,3875.4,3898.8
2021-03-10,3898.8,3939.3
2021-03-11,3939.3,3943.3
2021-03-12,3943.3,3968.9
2021-03-15,3968.9,3962.7
2021-03-16,3962.7,3974.1
2021-03-17,3974.1,3915.5
2021-03-18,3915.5,3913.1
2021-03-19,3913.1,3940.6
2021-03-22,3940.6,3910.5
2021-03-23,3910.5,3889.1
2021-03-24,3889.1,3909.5
2021-03-25,3909.5,3974.5
2021-03-26,3974.5,3971.1
2021-03-29,3971.1,3958.6
2021-03-30,3958.6,3972.9
2021-03-31,3972.9,4019.9
2021-04-01,4019.9,4077.9
2021-04-05,4077.9,4073.9
2021-04-06,4073.9,4079.9
2021-04-07,4079.9,4097.2
2021-04-08,4097.2,4128.8
2021-04-09,4128.8,4128.0
2021-04-12,4128.0,4141.6
2021-04-13,4141.6,4124.7
2021-04-14,4124.7,4170.4
2021-04-15,4170.4,4185.5
2021-04-16,4185.5,4163.3
2021-04-19,4163.3,4134.9
2021-04-20,4134.9,4173.4
2021-04-21,4173.4,4135.0
2021-04-22,4135.0,4180.2
2021-04-23,4180.2,4187.6
2021-04-26,4187.6,4186.7
2021-04-27,4186.7,4183.2
2021-04-28,4183.2,4211.5
2021-04-29,4211.5,4181.2
2021-04-30,4181.2,4192.7
2021-05-03,4192.7,4164.7
2021-05-04,4164.7,4167.6
2021-05-05,4167.6,4201.6
2021-05-06,4201.6,4232.6
2021-05-07,4232.6,4188.4
2021-05-10,4188.4,4152.1
2021-05-11,4152.1,4063.0
2021-05-12,4063.0,4112.5
2021-05-13,4112.5,4173.9
2021-05-14,4173.9,4163.3
2021-05-17,4163.3,4127.8
2021-05-18,4127.8,4115.7
2021-05-19,4115.7,4159.1
2021-05-20,4159.1,4155.9
2021-05-21,4155.9,4197.1
2021-05-24,4197.1,4188.1
2021-05-25,4188.1,4196.0
2021-05-26,4196.0,4200.9
2021-05-27,4200.9,4204.1
2021-05-28,4204.1,4202.0
2021-06-01,4202.0,4208.1
2021-06-02,4208.1,4192.9
2021-06-03,4192.9,4229.9
2021-06-04,4229.9,4226.5
2021-06-07,4226.5,4227.3
2021-06-08,4227.3,4219.6
2021-06-09,4219.6,4239.2
2021-06-10,4239.2,4247.4
2021-06-11,4247.4,4255.1
2021-06-14,4255.1,4246.6
2021-06-15,4246.6,4223.7
2021-06-16,4223.7,4221.9
2021-06-17,4221.9,4166.4
2021-06-18,4166.4,4224.8
2021-06-21,4224.8,4246.4
2021-06-22,4246.4,4241.8
2021-06-23,4241.8,4266.5
2021-06-24,4266.5,4280.7
2021-06-25,4280.7,4290.6
2021-06-28,4290.6,4291.8
2021-06-29,4291.8,4297.5
2021-06-30,4297.5,4319.9
2021-07-01,4319.9,4352.3
2021-07-02,4352.3,4343.5
2021-07-06,4343.5,4358.1
2021-07-07,4358.1,4320.8
2021-07-08,4320.8,4369.6
2021-07-09,4369.6,4384.6
2021-07-12,4384.6,4369.2
2021-07-13,4369.2,4374.3
2021-07-14,4374.3,4360.0
2021-07-15,4360.0,4327.2
2021-07-16,4327.2,4258.5
2021-07-19,4258.5,4323.1
2021-07-20,4323.1,4358.7
2021-07-21,4358.7,4367.5
2021-07-22,4367.5,4411.8
2021-07-23,4411.8,4422.3
2021-07-26,4422.3,4401.5
2021-07-27,4401.5,4400.6
2021-07-28,4400.6,4419.1
2021-07-29,4419.1,4395.3
2021-07-30,4395.3,4387.2
2021-08-02,4387.2,4423.1
2021-08-03,4423.1,4402.7
2021-08-04,4402.7,4429.1
2021-08-05,4429.1,4436.5
2021-08-06,4436.5,4432.4
2021-08-09,4432.4,4436.8
2021-08-10,4436.8,4447.7
2021-08-11,4447.7,4460.8
2021-08-12,4460.8,4468.0
2021-08-13,4468.0,4479.7
2021-08-16,4479.7,4448.1
2021-08-17,4448.1,4400.3
2021-08-18,4400.3,4405.8
2021-08-19,4405.8,4441.7
2021-08-20,4441.7,4479.5
2021-08-23,4479.5,4486.2
2021-08-24,4486.2,4496.2
2021-08-25,4496.2,4470.0
2021-08-26,4470.0,4509.4
2021-08-27,4509.4,4528.8
2021-08-30,4528.8,4522.7
2021-08-31,4522.7,4524.1
2021-09-01,4524.1,4536.9
2021-09-02,4536.9,4535.4
2021-09-03,4535.4,4520.0
2021-09-07,4520.0,4514.1
2021-09-08,4514.1,4493.3
2021-09-09,4493.3,4458.6
2021-09-10,4458.6,4468.7
2021-09-13,4468.7,4443.1
2021-09-14,4443.1,4480.7
2021-09-15,4480.7,4473.8
2021-09-16,4473.8,4433.0
2021-09-17,4433.0,4357.7
2021-09-20,4357.7,4354.2
2021-09-21,4354.2,4395.6
2021-09-22,4395.6,4449.0
2021-09-23,4449.0,4455.5
2021-09-24,4455.5,4443.1
2021-09-27,4443.1,4352.6
2021-09-28,4352.6,4359.5
2021-09-29,4359.5,4307.5
2021-09-30,4307.5,4357.0
2021-10-01,4357.0,4300.5
2021-10-04,4300.5,4345.7
2021-10-05,4345.7,4363.6
2021-10-06,4363.6,4399.8
2021-10-07,4399.8,4391.3
2021-10-08,4391.3,4361.2
2021-10-11,4361.2,4350.6
2021-10-12,4350.6,4363.8
2021-10-13,4363.8,4438.3
2021-10-14,4438.3,4471.4
2021-10-15,4471.4,4486.5
2021-10-18,4486.5,4519.6
2021-10-19,4519.6,4536.2
2021-10-20,4536.2,4549.8
2021-10-21,4549.8,4544.9
2021-10-22,4544.9,4566.5
2021-10-25,4566.5,4574.8
2021-10-26,4574.8,4551.7
2021-10-27,4551.7,4596.4
2021-10-28,4596.4,4605.4
2021-10-29,4605.4,4613.7
2021-11-01,4613.7,4630.6
2021-11-02,4630.6,4660.6
2021-11-03,4660.6,4680.1
2021-11-04,4680.1,4697.5
2021-11-05,4697.5,4701.7
2021-11-08,4701.7,4685.2
2021-11-09,4685.2,4646.7
2021-11-10,4646.7,4649.3
2021-11-11,4649.3,4682.9
2021-11-12,4682.9,4682.8
2021-11-15,4682.8,4700.9
2021-11-16,4700.9,4688.7
2021-11-17,4688.7,4704.5
2021-11-18,4704.5,4698.0
2021-11-19,4698.0,4682.9
2021-11-22,4682.9,4690.7
2021-11-23,4690.7,4701.5
2021-11-24,4701.5,4594.6
2021-11-26,4594.6,4655.3
2021-11-29,4655.3,4567.0
2021-11-30,4567.0,4513.0
2021-12-01,4513.0,4577.1
2021-12-02,4577.1,4538.4
2021-12-03,4538.4,4591.7
2021-12-06,4591.7,4686.8
2021-12-07,4686.8,4701.2
2021-12-08,4701.2,4667.4
2021-12-09,4667.4,4712.0
2021-12-10,4712.0,4669.0
2021-12-13,4669.0,4634.1
2021-12-14,4634.1,4709.9
2021-12-15,4709.9,4668.7
2021-12-16,4668.7,4620.6
2021-12-17,4620.6,4568.0
2021-12-20,4568.0,4649.2
2021-12-21,4649.2,4696.6
2021-12-22,4696.6,4725.8
2021-12-23,4725.8,4791.2
2021-12-27,4791.2,4786.4
2021-12-28,4786.4,4793.1
2021-12-29,4793.1,4778.7
2021-12-30,4778.7,4766.2
2021-12-31,4766.2,4796.6
2022-01-03,4796.6,4793.5
2022-01-04,4793.5,4700.6
2022-01-05,4700.6,4696.1
2022-01-06,4696.1,4677.0
2022-01-07,4677.0,4670.3
2022-01-10,4670.3,4713.1
2022-01-11,4713.1,4726.4
2022-01-12,4726.4,4659.0
2022-01-13,4659.0,4662.9
2022-01-14,4662.9,4577.1
2022-01-18,4577.1,4532.8
2022-01-19,4532.8,4482.7
2022-01-20,4482.7,4397.9
2022-01-21,4397.9,4410.1
2022-01-24,4410.1,4356.4
2022-01-25,4356.4,4349.9
2022-01-26,4349.9,4326.5
2022-01-27,4326.5,4431.9
2022-01-28,4431.9,4515.6
2022-01-31,4515.6,4546.5
2022-02-01,4546.5,4589.4
2022-02-02,4589.4,4477.4
2022-02-03,4477.4,4500.5
2022-02-04,4500.5,4483.9
2022-02-07,4483.9,4521.5
2022-02-08,4521.5,4587.2
2022-02-09,4587.2,4504.1
2022-02-10,4504.1,4418.64
2022-02-11,4418.64,4401.67
2022-02-14,4401.67,4471.07
2022-02-15,4471.07,4475.01
2022-02-16,4475.01,4380.26
2022-02-17,4380.26,4348.87
2022-02-18,4348.87,4304.76
2022-02-22,4304.76,4225.5
2022-02-23,4225.5,4288.7
2022-02-24,4288.7,4384.65
2022-02-25,4384.65,4373.94
2022-02-28,4373.94,4306.26
2022-03-01,4306.26,4386.54
2022-03-02,4386.54,4363.49
2022-03-03,4363.49,4328.87
2022-03-04,4328.87,4201.09
2022-03-07,4201.09,4170.7
2022-03-08,4170.7,4277.88
2022-03-09,4277.88,4259.52
2022-03-10,4259.52,4204.31
2022-03-11,4204.31,4173.11
2022-03-14,4173.11,4262.45
2022-03-15,4262.45,4357.86
2022-03-16,4357.86,4411.67
2022-03-17,4411.67,4463.12
2022-03-18,4463.12,4461.18
2022-03-21,4461.18,4511.61
2022-03-22,4511.61,4456.24
2022-03-23,4456.24,4520.16
2022-03-24,4520.16,4543.06
2022-03-25,4543.06,4575.52
2022-03-28,4575.52,4631.6
2022-03-29,4631.6,4602.45
2022-03-30,4602.45,4530.41
2022-03-31,4530.41,4545.86
2022-04-01,4545.86,4582.64
2022-04-04,4582.64,4525.12
2022-04-05,4525.12,4481.15
2022-04-06,4481.15,4500.21
2022-04-07,4500.21,4488.28
2022-04-08,4488.28,4412.53
2022-04-11,4412.53,4397.45
2022-04-12,4397.45,4446.59
2022-04-13,4446.59,4392.59
2022-04-14,4392.59,4391.69
2022-04-18,4391.69,4462.21
2022-04-19,4462.21,4459.45
2022-04-20,4459.45,4393.66
2022-04-21,4393.66,4271.78
2022-04-22,4271.78,4296.12
2022-04-25,4296.12,4175.2
2022-04-26,4175.2,4183.96
2022-04-27,4183.96,4287.5
2022-04-28,4287.5,4131.93
2022-04-29,4131.93,4155.38
2022-05-02,4155.38,4175.48
2022-05-03,4175.48,4300.17
2022-05-04,4300.17,4146.87
2022-05-05,4146.87,4123.34
2022-05-06,4123.34,3991.24
2022-05-09,3991.24,4001.05
2022-05-10,4001.05,3935.18
2022-05-11,3935.18,3930.08
2022-05-12,3930.08,4023.89
2022-05-13,4023.89,4008.01
2022-05-16,4008.01,4088.85
2022-05-17,4088.85,3923.68
2022-05-18,3923.68,3900.79
2022-05-19,3900.79,3901.36
2022-05-20,3901.36,3973.75
2022-05-23,3973.75,3941.48
2022-05-24,3941.48,3978.73
2022-05-25,3978.73,4057.84
2022-05-26,4057.84,4158.24
2022-05-27,4158.24,4132.15
2022-05-31,4132.15,4101.23
2022-06-01,4101.23,4176.82
2022-06-02,4176.82,4108.54
2022-06-03,4108.54,4121.43
2022-06-06,4121.43,4160.68
2022-06-07,4160.68,4115.77
2022-06-08,4115.77,4017.82
2022-06-09,4017.82,3900.86
2022-06-10,3900.86,3749.63
2022-06-13,3749.63,3735.48
2022-06-14,3735.48,3789.99
2022-06-15,3789.99,3666.77
2022-06-16,3666.77,3674.84
2022-06-17,3674.84,3764.79
2022-06-21,3764.79,3759.89
2022-06-22,3759.89,3795.73
2022-06-23,3795.73,3911.74
2022-06-24,3911.74,3900.11
2022-06-27,3900.11,3821.55
2022-06-28,3821.55,3818.83
2022-06-29,3818.83,3785.38
2022-06-30,3785.38,3825.33
2022-07-01,3825.33,3831.39
2022-07-05,3831.39,3845.08
2022-07-06,3845.08,3902.62
2022-07-07,3902.62,3899.38
2022-07-08,3899.38,3854.43
2022-07-11,3854.43,3818.8
2022-07-12,3818.8,3801.78
2022-07-13,3801.78,3790.38
2022-07-14,3790.38,3863.16
2022-07-15,3863.16,3830.85
2022-07-18,3830.85,3936.69
2022-07-19,3936.69,3959.9
2022-07-20,3959.9,3998.95
2022-07-21,3998.95,3961.63
2022-07-22,3961.63,3966.84
2022-07-25,3966.84,3921.05
2022-07-26,3921.05,4023.61
2022-07-27,4023.61,4072.43
2022-07-28,4072.43,4130.29
2022-07-29,4130.29,4118.63
2022-08-01,4118.63,4091.19
2022-08-02,4091.19,4155.17
2022-08-03,4155.17,4151.94
2022-08-04,4151.94,4145.19
2022-08-05,4145.19,4140.06
2022-08-08,4140.06,4122.47
2022-08-09,4122.47,4210.24
2022-08-10,4210.24,4207.27
2022-08-11,4207.27,4280.15
2022-08-12,4280.15,4297.14
2022-08-15,4297.14,4305.2
2022-08-16,4305.2,4274.04
2022-08-17,4274.04,4283.74
2022-08-18,4283.74,4228.48
2022-08-19,4228.48,4137.99
2022-08-22,4137.99,4128.73
2022-08-23,4128.73,4140.77
2022-08-24,4140.77,4199.12
2022-08-25,4199.12,4057.66
2022-08-26,4057.66,4030.61
2022-08-29,4030.61,3986.16
2022-08-30,3986.16,3955.0
2022-08-31,3955.0,3966.85
2022-09-01,3966.85,3924.26
2022-09-02,3924.26,3908.19
2022-09-06,3908.19,3979.87
2022-09-07,3979.87,4006.18
2022-09-08,4006.18,4067.36
2022-09-09,4067.36,4110.41
2022-09-12,4110.41,3932.69
2022-09-13,3932.69,3946.01
2022-09-14,3946.01,3901.35
2022-09-15,3901.35,3873.33
2022-09-16,3873.33,3899.89
2022-09-19,3899.89,3855.93
2022-09-20,3855.93,3789.93
2022-09-21,3789.93,3757.99
2022-09-22,3757.99,3693.23
2022-09-23,3693.23,3655.04
2022-09-26,3655.04,3647.29
2022-09-27,3647.29,3719.04
2022-09-28,3719.04,3640.47
2022-09-29,3640.47,3585.62
2022-09-30,3585.62,3678.43
2022-10-03,3678.43,3790.93
2022-10-04,3790.93,3783.28
2022-10-05,3783.28,3744.52
2022-10-06,3744.52,3639.66
2022-10-07,3639.66,3612.39
2022-10-10,3612.39,3588.84
2022-10-11,3588.84,3577.03
2022-10-12,3577.03,3669.91
2022-10-13,3669.91,3583.07
2022-10-14,3583.07,3677.95
2022-10-17,3677.95,3719.98
2022-10-18,3719.98,3695.16
2022-10-19,3695.16,3665.78
2022-10-20,3665.78,3752.75
2022-10-21,3752.75,3797.34
2022-10-24,3797.34,3859.11
2022-10-25,3859.11,3830.6
2022-10-26,3830.6,3807.3
2022-10-27,3807.3,3901.06
2022-10-28,3901.06,3871.98
2022-10-31,3871.98,3856.1
2022-11-01,3856.1,3759.69
2022-11-02,3759.69,3719.89
2022-11-03,3719.89,3770.55
2022-11-04,3770.55,3806.8
2022-11-07,3806.8,3828.11
2022-11-08,3828.11,3748.57
2022-11-09,3748.57,3956.37
2022-11-10,3956.37,3992.93
2022-11-11,3992.93,3957.25
2022-11-14,3957.25,3991.73
2022-11-15,3991.73,3958.79
2022-11-16,3958.79,3946.56
2022-11-17,3946.56,3965.34
2022-11-18,3965.34,3949.94
2022-11-21,3949.94,4003.58
2022-11-22,4003.58,4027.26
2022-11-23,4027.26,4026.12
2022-11-25,4026.12,3963.94
2022-11-28,3963.94,3957.63
2022-11-29,3957.63,4080.11
2022-11-30,4080.11,4076.57
2022-12-01,4076.57,4071.7
2022-12-02,4071.7,3998.84
2022-12-05,3998.84,3941.26
2022-12-06,3941.26,3933.92
2022-12-07,3933.92,3963.51
2022-12-08,3963.51,3934.38
2022-12-09,3934.38,3990.56
2022-12-12,3990.56,4019.65
2022-12-13,4019.65,3995.32
2022-12-14,3995.32,3895.75
2022-12-15,3895.75,3852.36
2022-12-16,3852.36,3817.66
2022-12-19,3817.66,3821.62
2022-12-20,3821.62,3878.44
2022-12-21,3878.44,3822.39
2022-12-22,3822.39,3844.82
2022-12-23,3844.82,3829.25
2022-12-27,3829.25,3783.22
2022-12-28,3783.22,3849.28
2022-12-29,3849.28,3839.5
2022-12-30,3839.5,3824.14
2023-01-03,3824.14,3852.97
2023-01-04,3852.97,3808.1
2023-01-05,3808.1,3895.08
2023-01-06,3895.08,3892.09
2023-01-09,3892.09,3919.25
2023-01-10,3919.25,3969.61
2023-01-11,3969.61,3983.17
2023-01-12,3983.17,3999.09
2023-01-13,3999.09,3990.97
2023-01-17,3990.97,3928.86
2023-01-18,3928.86,3898.85
2023-01-19,3898.85,3972.61
2023-01-20,3972.61,4019.81
2023-01-23,4019.81,4016.95
2023-01-24,4016.95,4016.22
2023-01-25,4016.22,4060.43
2023-01-26,4060.43,4070.56
2023-01-27,4070.56,4017.77
2023-01-30,4017.77,4076.6
2023-01-31,4076.6,4119.21
2023-02-01,4119.21,4179.76
2023-02-02,4179.76,4136.48
2023-02-03,4136.48,4111.08
2023-02-06,4111.08,4164.0
2023-02-07,4164.0,4117.86
2023-02-08,4117.86,4081.5
2023-02-09,4081.5,4090.46
2023-02-10,4090.46,4137.29
2023-02-13,4137.29,4136.13
2023-02-14,4136.13,4147.6
2023-02-15,4147.6,4090.41
2023-02-16,4090.41,4079.09
2023-02-17,4079.09,3997.34
2023-02-21,3997.34,3991.05
2023-02-22,3991.05,4012.32
2023-02-23,4012.32,3970.04
2023-02-24,3970.04,3982.24
2023-02-27,3982.24,3970.15
2023-02-28,3970.15,3951.39
2023-03-01,3951.39,3981.35
2023-03-02,3981.35,4045.64
2023-03-03,4045.64,4048.42
2023-03-06,4048.42,3986.37
2023-03-07,3986.37,3992.01
2023-03-08,3992.01,3918.32
2023-03-09,3918.32,3861.59
2023-03-10,3861.59,3855.76
2023-03-13,3855.76,3919.29
2023-03-14,3919.29,3891.93
2023-03-15,3891.93,3960.28
2023-03-16,3960.28,3916.64
2023-03-17,3916.64,3951.57
2023-03-20,3951.57,4002.87
2023-03-21,4002.87,3936.97
2023-03-22,3936.97,3948.72
2023-03-23,3948.72,3970.99
2023-03-24,3970.99,3977.53
2023-03-27,3977.53,3971.27
2023-03-28,3971.27,4027.81
2023-03-29,4027.81,4050.83
2023-03-30,4050.83,4109.31
2023-03-31,4109.31,4124.51
2023-04-03,4124.51,4100.6
2023-04-04,4100.6,4090.38
2023-04-05,4090.38,4105.02
2023-04-06,4105.02,4109.11
2023-04-10,4109.11,4108.94
2023-04-11,4108.94,4091.95
2023-04-12,4091.95,4146.22
2023-04-13,4146.22,4137.64
2023-04-14,4137.64,4151.32
2023-04-17,4151.32,4154.87
2023-04-18,4154.87,4154.52
2023-04-19,4154.52,4129.79
2023-04-20,4129.79,4133.52
2023-04-21,4133.52,4137.04
2023-04-24,4137.04,4071.63
2023-04-25,4071.63,4055.99
2023-04-26,4055.99,4135.35
2023-04-27,4135.35,4169.48
2023-04-28,4169.48,4167.87
2023-05-01,4167.87,4119.58
2023-05-02,4119.58,4090.75
2023-05-03,4090.75,4061.22
2023-05-04,4061.22,4136.25
2023-05-05,4136.25,4138.12
2023-05-08,4138.12,4119.17
2023-05-09,4119.17,4137.64
2023-05-10,4137.64,4130.62
2023-05-11,4130.62,4124.08
2023-05-12,4124.08,4136.28
2023-05-15,4136.28,4109.9
2023-05-16,4109.9,4158.77
2023-05-17,4158.77,4198.05
2023-05-18,4198.05,4191.98
2023-05-19,4191.98,4192.63
2023-05-22,4192.63,4145.58
2023-05-23,4145.58,4115.24
2023-05-24,4115.24,4151.28
2023-05-25,4151.28,4205.45
2023-05-26,4205.45,4205.52
2023-05-30,4205.52,4179.83
2023-05-31,4179.83,4221.02
2023-06-01,4221.02,4282.37
2023-06-02,4282.37,4273.79
2023-06-05,4273.79,4283.85
2023-06-06,4283.85,4267.52
2023-06-07,4267.52,4293.93
2023-06-08,4293.93,4298.86
2023-06-09,4298.86,4338.93
2023-06-12,4338.93,4369.01
2023-06-13,4369.01,4372.59
2023-06-14,4372.59,4425.84
2023-06-15,4425.84,4409.59
2023-06-16,4409.59,4388.71
2023-06-20,4388.71,4365.69
2023-06-21,4365.69,4381.89
2023-06-22,4381.89,4348.33
2023-06-23,4348.33,4328.82
2023-06-26,4328.82,4378.41
2023-06-27,4378.41,4376.86
2023-06-28,4376.86,4396.44
2023-06-29,4396.44,4450.38
2023-06-30,4450.38,4455.59
2023-07-03,4455.59,4446.82
2023-07-05,4446.82,4411.59
2023-07-06,4411.59,4398.95
2023-07-07,4398.95,4409.53
2023-07-10,4409.53,4439.26
2023-07-11,4439.26,4472.16
2023-07-12,4472.16,4510.04
2023-07-13,4510.04,4505.42
2023-07-14,4505.42,4522.79
2023-07-17,4522.79,4554.98
2023-07-18,4554.98,4565.72
2023-07-19,4565.72,4534.87
2023-07-20,4534.87,4536.34
2023-07-21,4536.34,4554.64
2023-07-24,4554.64,4567.46
2023-07-25,4567.46,4566.75
2023-07-26,4566.75,4537.41
2023-07-27,4537.41,4582.23
2023-07-28,4582.23,4588.96
2023-07-31,4588.96,4576.73
2023-08-01,4576.73,4513.39
2023-08-02,4513.39,4501.89
2023-08-03,4501.89,4478.03
2023-08-04,4478.03,4518.44
2023-08-07,4518.44,4499.38
2023-08-08,4499.38,4467.71
2023-08-09,4467.71,4468.83
2023-08-10,4468.83,4464.05
2023-08-11,4464.05,4489.72
2023-08-14,4489.72,4437.86
2023-08-15,4437.86,4404.33
2023-08-16,4404.33,4370.36
2023-08-17,4370.36,4369.71
2023-08-18,4369.71,4399.77
2023-08-21,4399.77,4387.55
2023-08-22,4387.55,4436.01
2023-08-23,4436.01,4376.31
2023-08-24,4376.31,4405.71
2023-08-25,4405.71,4433.31
2023-08-28,4433.31,4497.63
2023-08-29,4497.63,4514.87
2023-08-30,4514.87,4507.66
2023-08-31,4507.66,4515.77
2023-09-01,4515.77,4496.83
2023-09-05,4496.83,4465.48
2023-09-06,4465.48,4451.14
2023-09-07,4451.14,4457.49
2023-09-08,4457.49,4487.46
2023-09-11,4487.46,4461.9
2023-09-12,4461.9,4467.44
2023-09-13,4467.44,4505.1
2023-09-14,4505.1,4450.32
2023-09-15,4450.32,4453.53
2023-09-18,4453.53,4443.95
2023-09-19,4443.95,4402.2
2023-09-20,4402.2,4330.0
2023-09-21,4330.0,4320.06
2023-09-22,4320.06,4337.44
2023-09-25,4337.44,4273.53
2023-09-26,4273.53,4274.51
2023-09-27,4274.51,4299.7
2023-09-28,4299.7,4288.05
2023-09-29,4288.05,4288.39
2023-10-02,4288.39,4229.45
2023-10-03,4229.45,4263.75
2023-10-04,4263.75,4258.19
2023-10-05,4258.19,4308.5
2023-10-06,4308.5,4335.66
2023-10-09,4335.66,4358.24
2023-10-10,4358.24,4376.95
2023-10-11,4376.95,4349.61
2023-10-12,4349.61,4327.78
2023-10-13,4327.78,4373.63
2023-10-16,4373.63,4373.2
2023-10-17,4373.2,4314.6
2023-10-18,4314.6,4278.0
2023-10-19,4278.0,4224.16
2023-10-20,4224.16,4217.04
2023-10-23,4217.04,4247.68
2023-10-24,4247.68,4186.77
2023-10-25,4186.77,4137.23
2023-10-26,4137.23,4117.37
2023-10-27,4117.37,4166.82
2023-10-30,4166.82,4193.8
2023-10-31,4193.8,4237.86
2023-11-01,4237.86,4317.78
2023-11-02,4317.78,4358.34
2023-11-03,4358.34,4365.98
2023-11-06,4365.98,4378.38
2023-11-07,4378.38,4382.78
2023-11-08,4382.78,4347.35
2023-11-09,4347.35,4415.24
2023-11-10,4415.24,4411.55
2023-11-13,4411.55,4495.7
2023-11-14,4495.7,4502.88
2023-11-15,4502.88,4508.24
2023-11-16,4508.24,4514.02
2023-11-17,4514.02,4547.38
2023-11-20,4547.38,4538.19
2023-11-21,4538.19,4556.62
2023-11-22,4556.62,4559.34
2023-11-24,4559.34,4550.43
2023-11-27,4550.43,4554.89
2023-11-28,4554.89,4550.58
2023-11-29,4550.58,4567.8
2023-11-30,4567.8,4594.63
2023-12-01,4594.63,4569.78
2023-12-04,4569.78,4567.18
2023-12-05,4567.18,4549.34
2023-12-06,4549.34,4585.59
2023-12-07,4585.59,4604.37
2023-12-08,4604.37,4622.44
2023-12-11,4622.44,4643.7
2023-12-12,4643.7,4707.09
2023-12-13,4707.09,4719.55
2023-12-14,4719.55,4719.19
2023-12-15,4719.19,4740.56
2023-12-18,4740.56,4768.37
2023-12-19,4768.37,4698.35
2023-12-20,4698.35,4746.75
2023-12-21,4746.75,4754.63
2023-12-22,4754.63,4774.75
2023-12-26,4774.75,4781.58
2023-12-27,4781.58,4783.35
2023-12-28,4783.35,4769.83
2023-12-29,4769.83,4742.83
2024-01-02,4742.83,4704.81
2024-01-03,4704.81,4688.68
2024-01-04,4688.68,4697.24
2024-01-05,4697.24,4763.54
2024-01-08,4763.54,4756.5
2024-01-09,4756.5,4783.45
2024-01-10,4783.45,4780.24
2024-01-11,4780.24,4783.83
2024-01-12,4783.83,4765.98
2024-01-16,4765.98,4739.21
2024-01-17,4739.21,4780.94
2024-01-18,4780.94,4839.81
2024-01-19,4839.81,4850.43
2024-01-22,4850.43,4864.6
2024-01-23,4864.6,4868.55
2024-01-24,4868.55,4894.16
2024-01-25,4894.16,4890.97
2024-01-26,4890.97,4927.93
2024-01-29,4927.93,4924.97
2024-01-30,4924.97,4845.65
2024-01-31,4845.65,4906.19
2024-02-01,4906.19,4958.61
2024-02-02,4958.61,4942.81
2024-02-05,4942.81,4954.23
2024-02-06,4954.23,4995.06
2024-02-07,4995.06,4997.91
2024-02-08,4997.91,5026.61
2024-02-09,5026.61,5021.84
2024-02-12,5021.84,4953.17
2024-02-13,4953.17,5000.62
2024-02-14,5000.62,5029.73
2024-02-15,5029.73,5005.57
2024-02-16,5005.57,4975.51
2024-02-20,4975.51,4981.8
2024-02-21,4981.8,5087.03
2024-02-22,5087.03,5088.8
2024-02-23,5088.8,5069.53
2024-02-26,5069.53,5078.18
2024-02-27,5078.18,5069.76
2024-02-28,5069.76,5096.27
2024-02-29,5096.27,5137.08
2024-03-01,5137.08,5130.95
2024-03-04,5130.95,5078.65
2024-03-05,5078.65,5104.76
2024-03-06,5104.76,5157.36
2024-03-07,5157.36,5123.69
2024-03-08,5123.69,5117.94
2024-03-11,5117.94,5175.27
2024-03-12,5175.27,5165.31
2024-03-13,5165.31,5150.48
2024-03-14,5150.48,5117.09
2024-03-15,5117.09,5149.42
2024-03-18,5149.42,5178.51
2024-03-19,5178.51,5224.62
2024-03-20,5224.62,5241.53
2024-03-21,5241.53,5234.18
2024-03-22,5234.18,5218.19
2024-03-25,5218.19,5203.58
2024-03-26,5203.58,5248.49
2024-03-27,5248.49,5254.35
2024-03-28,5254.35,5243.77
2024-04-01,5243.77,5205.81
2024-04-02,5205.81,5211.49
2024-04-03,5211.49,5147.21
2024-04-04,5147.21,5204.34
2024-04-05,5204.34,5202.39
2024-04-08,5202.39,5209.91
2024-04-09,5209.91,5160.64
2024-04-10,5160.64,5199.06
2024-04-11,5199.06,5123.41
2024-04-12,5123.41,5061.82
2024-04-15,5061.82,5051.41
2024-04-16,5051.41,5022.21
2024-04-17,5022.21,5011.12
2024-04-18,5011.12,4967.23
2024-04-19,4967.23,5010.6
2024-04-22,5010.6,5070.55
2024-04-23,5070.55,5071.63
2024-04-24,5071.63,5048.42
2024-04-25,5048.42,5099.96
2024-04-26,5099.96,5116.17
2024-04-29,5116.17,5035.69
2024-04-30,5035.69,5018.39
2024-05-01,5018.39,5064.2
2024-05-02,5064.2,5127.79
2024-05-03,5127.79,5180.74
2024-05-06,5180.74,5187.7
2024-05-07,5187.7,5187.67
2024-05-08,5187.67,5214.08
2024-05-09,5214.08,5222.68
2024-05-10,5222.68,5221.42
2024-05-13,5221.42,5246.68
2024-05-14,5246.68,5308.15
2024-05-15,5308.15,5297.1
2024-05-16,5297.1,5303.27
2024-05-17,5303.27,5308.13
2024-05-20,5308.13,5321.41
2024-05-21,5321.41,5307.01
2024-05-22,5307.01,5267.84
2024-05-23,5267.84,5304.72
2024-05-24,5304.72,5306.04
2024-05-28,5306.04,5266.95
2024-05-29,5266.95,5235.48
2024-05-30,5235.48,5277.51
2024-05-31,5277.51,5283.4
2024-06-03,5283.4,5291.34
2024-06-04,5291.34,5354.03
2024-06-05,5354.03,5352.96
2024-06-06,5352.96,5346.99
2024-06-07,5346.99,5360.79
2024-06-10,5360.79,5375.32
2024-06-11,5375.32,5421.03
2024-06-12,5421.03,5433.74
2024-06-13,5433.74,5431.6
2024-06-14,5431.6,5473.23
2024-06-17,5473.23,5487.03
2024-06-18,5487.03,5473.17
2024-06-20,5473.17,5464.62
2024-06-21,5464.62,5447.87
2024-06-24,5447.87,5469.3
2024-06-25,5469.3,5477.9
2024-06-26,5477.9,5482.87
2024-06-27,5482.87,5460.48
2024-06-28,5460.48,5475.09
2024-07-01,5475.09,5509.01
2024-07-02,5509.01,5537.02
2024-07-03,5537.02,5567.19
2024-07-05,5567.19,5572.85
2024-07-08,5572.85,5576.98
2024-07-09,5576.98,5633.91
2024-07-10,5633.91,5584.54
2024-07-11,5584.54,5615.35
2024-07-12,5615.35,5631.22
2024-07-15,5631.22,5667.2
2024-07-16,5667.2,5588.27
2024-07-17,5588.27,5544.59
2024-07-18,5544.59,5505.0
2024-07-19,5505.0,5564.41
2024-07-22,5564.41,5555.74
2024-07-23,5555.74,5427.13
2024-07-24,5427.13,5399.22
2024-07-25,5399.22,5459.1
2024-07-26,5459.1,5463.54
2024-07-29,5463.54,5436.44
2024-07-30,5436.44,5522.3
2024-07-31,5522.3,5446.68
2024-08-01,5446.68,5346.56
2024-08-02,5346.56,5186.33
2024-08-05,5186.33,5240.03
2024-08-06,5240.03,5199.5
2024-08-07,5199.5,5319.31
2024-08-08,5319.31,5344.16
2024-08-09,5344.16,5344.39
2024-08-12,5344.39,5434.43
2024-08-13,5434.43,5455.21
2024-08-14,5455.21,5543.22
2024-08-15,5543.22,5554.25
2024-08-16,5554.25,5608.25
2024-08-19,5608.25,5597.12
2024-08-20,5597.12,5620.85
2024-08-21,5620.85,5570.64
2024-08-22,5570.64,5634.61
2024-08-23,5634.61,5616.84
2024-08-26,5616.84,5625.8
2024-08-27,5625.8,5592.18
2024-08-28,5592.18,5591.96
2024-08-29,5591.96,5648.4
2024-08-30,5648.4,5528.93
2024-09-03,5528.93,5520.07
2024-09-04,5520.07,5503.41
2024-09-05,5503.41,5408.42
2024-09-06,5408.42,5471.05
2024-09-09,5471.05,5495.52
2024-09-10,5495.52,5554.13
2024-09-11,5554.13,5595.76
2024-09-12,5595.76,5626.02
2024-09-13,5626.02,5633.09
2024-09-16,5633.09,5634.58
2024-09-17,5634.58,5618.26
2024-09-18,5618.26,5713.64
2024-09-19,5713.64,5702.55
2024-09-20,5702.55,5718.57
2024-09-23,5718.57,5732.93
2024-09-24,5732.93,5722.26
2024-09-25,5722.26,5745.37
2024-09-26,5745.37,5738.17
2024-09-27,5738.17,5762.48
2024-09-30,5762.48,5708.75
2024-10-01,5708.75,5709.54
2024-10-02,5709.54,5699.94
2024-10-03,5699.94,5751.07
2024-10-04,5751.07,5695.94
2024-10-07,5695.94,5751.13
2024-10-08,5751.13,5792.04
2024-10-09,5792.04,5780.05
2024-10-10,5780.05,5815.03
2024-10-11,5815.03,5859.85
2024-10-14,5859.85,5815.26
2024-10-15,5815.26,5842.47
2024-10-16,5842.47,5841.47
2024-10-17,5841.47,5864.67
2024-10-18,5864.67,5853.98
2024-10-21,5853.98,5851.2
2024-10-22,5851.2,5797.42
2024-10-23,5797.42,5809.86
2024-10-24,5809.86,5808.12
2024-10-25,5808.12,5823.52
2024-10-28,5823.52,5832.92
2024-10-29,5832.92,5813.67
2024-10-30,5813.67,5705.45
2024-10-31,5705.45,5728.8
2024-11-01,5728.8,5712.69
2024-11-04,5712.69,5782.76
2024-11-05,5782.76,5929.04
2024-11-06,5929.04,5973.1
2024-11-07,5973.1,5995.54
2024-11-08,5995.54,6001.35
2024-11-11,6001.35,5983.99
2024-11-12,5983.99,5985.38
2024-11-13,5985.38,5949.17
2024-11-14,5949.17,5870.62
2024-11-15,5870.62,5893.62
2024-11-18,5893.62,5916.98
2024-11-19,5916.98,5917.11
2024-11-20,5917.11,5948.71
2024-11-21,5948.71,5969.34
2024-11-22,5969.34,5987.37
2024-11-25,5987.37,6021.63
2024-11-26,6021.63,5998.74
2024-11-27,5998.74,6032.38
2024-11-29,6032.38,6047.15
2024-12-02,6047.15,6049.88
2024-12-03,6049.88,6086.49
2024-12-04,6086.49,6075.11
2024-12-05,6075.11,6090.27
2024-12-06,6090.27,6052.85
2024-12-09,6052.85,6034.91
2024-12-10,6034.91,6084.19
2024-12-11,6084.19,6051.25
2024-12-12,6051.25,6051.09
2024-12-13,6051.09,6074.08
2024-12-16,6074.08,6050.61
2024-12-17,6050.61,5872.16
2024-12-18,5872.16,5867.08
2024-12-19,5867.08,5930.85
2024-12-20,5930.85,5974.07
2024-12-23,5974.07,6040.04
2024-12-24,6040.04,6037.59
2024-12-26,6037.59,5970.84
2024-12-27,5970.84,5906.94
2024-12-30,5906.94,5881.63
2024-12-31,5881.63,5868.55
2025-01-02,5868.55,5942.47
2025-01-03,5942.47,5975.38
2025-01-06,5975.38,5909.03
2025-01-07,5909.03,5918.25
2025-01-08,5918.25,5827.04
2025-01-10,5827.04,5836.22
2025-01-13,5836.22,5842.91
2025-01-14,5842.91,5949.91
2025-01-15,5949.91,5937.34
2025-01-16,5937.34,5996.66
2025-01-17,5996.66,6049.24
2025-01-21,6049.24,6086.37
2025-01-22,6086.37,6118.71
2025-01-23,6118.71,6101.24
2025-01-24,6101.24,6012.28
2025-01-27,6012.28,6067.7
2025-01-28,6067.7,6039.31
2025-01-29,6039.31,6071.17
2025-01-30,6071.17,6040.53
2025-01-31,6040.53,5994.57
2025-02-03,5994.57,6037.88
2025-02-04,6037.88,6061.48
2025-02-05,6061.48,6083.57
2025-02-06,6083.57,6025.99
2025-02-07,6025.99,6066.44
2025-02-10,6066.44,6068.5
2025-02-11,6068.5,6051.97
2025-02-12,6051.97,6115.07
2025-02-13,6115.07,6114.63
2025-02-14,6114.63,6129.58
2025-02-18,6129.58,6144.15
2025-02-19,6144.15,6117.52
2025-02-20,6117.52,6013.13
2025-02-21,6013.13,5983.25
2025-02-24,5983.25,5955.25
2025-02-25,5955.25,5956.06
2025-02-26,5956.06,5861.57
2025-02-27,5861.57,5954.5
2025-02-28,5954.5,5849.72
2025-03-03,5849.72,5778.15
2025-03-04,5778.15,5842.63
2025-03-05,5842.63,5738.52
2025-03-06,5738.52,5770.2
2025-03-07,5770.2,5614.56
2025-03-10,5614.56,5572.07
2025-03-11,5572.07,5599.3
2025-03-12,5599.3,5521.52
2025-03-13,5521.52,5638.94
2025-03-14,5638.94,5675.12
2025-03-17,5675.12,5614.66
2025-03-18,5614.66,5675.29
2025-03-19,5675.29,5662.89
2025-03-20,5662.89,5667.56
2025-03-21,5667.56,5767.57
2025-03-24,5767.57,5776.65
2025-03-25,5776.65,5712.2
2025-03-26,5712.2,5693.31
2025-03-27,5693.31,5580.94
2025-03-28,5580.94,5611.85
2025-03-31,5611.85,5633.07
2025-04-01,5633.07,5670.97
2025-04-02,5670.97,5396.52
2025-04-03,5396.52,5074.08
2025-04-04,5074.08,5062.25
2025-04-07,5062.25,4982.77
2025-04-08,4982.77,5456.9
2025-04-09,5456.9,5268.05
2025-04-10,5268.05,5363.36
2025-04-11,5363.36,5405.97
2025-04-14,5405.97,5396.63
2025-04-15,5396.63,5275.7
2025-04-16,5275.7,5282.7
2025-04-17,5282.7,5158.2
2025-04-21,5158.2,5287.76
2025-04-22,5287.76,5375.86
2025-04-23,5375.86,5484.77
2025-04-24,5484.77,5525.21
2025-04-25,5525.21,5528.75
2025-04-28,5528.75,5560.83
2025-04-29,5560.83,5569.06
2025-04-30,5569.06,5604.14
2025-05-01,5604.14,5686.67
2025-05-02,5686.67,5650.38
2025-05-05,5650.38,5606.91
2025-05-06,5606.91,5631.28
2025-05-07,5631.28,5663.94
2025-05-08,5663.94,5659.91
2025-05-09,5659.91,5844.19
2025-05-12,5844.19,5886.55
2025-05-13,5886.55,5892.58
2025-05-14,5892.58,5916.93
2025-05-15,5916.93,5958.38
