Date,Cumulative
2015-05-04,1.0110169821692374
2015-05-05,1.0068702275291872
2015-05-06,1.0118016558466452
2015-05-07,1.0146659673620027
2015-05-08,1.0104232217002493
2015-05-11,1.0161834310774127
2015-05-12,1.0060616190973048
2015-05-13,1.0060852665478568
2015-05-14,1.009788374012717
2015-05-15,1.0087228388485272
2015-05-18,1.0031049327907895
2015-05-19,1.0111797428310672
2015-05-20,1.0106880541417484
2015-05-21,1.008035751950056
2015-05-22,1.0026178576591482
2015-05-25,1.0032494650418478
2015-05-26,1.0023325014086815
2015-05-27,1.0010324596076425
2015-05-28,1.0094487052984749
2015-05-29,1.0178441555200508
2015-06-01,1.019272055645584
2015-06-02,1.0229308773467116
2015-06-03,1.0154700593259507
2015-06-04,1.0160882575700962
2015-06-05,1.0176050657586175
2015-06-08,1.0166559870497018
2015-06-09,1.014591879556376
2015-06-10,1.0107429271960688
2015-06-11,1.0110760051291523
2015-06-12,1.0170191341958625
2015-06-15,1.0238414358640642
2015-06-16,1.0239981870597574
2015-06-17,1.0296137467557387
2015-06-18,1.0249692096213832
2015-06-19,1.0280153269587713
2015-06-22,1.0275944888963011
2015-06-23,1.024248623280932
2015-06-24,1.0354475179532898
2015-06-25,1.0331579659152827
2015-06-26,1.0314311906209837
2015-06-29,1.0292194089888367
2015-06-30,1.0311582116199447
2015-07-01,1.0382701627318087
2015-07-02,1.0324549298082872
2015-07-03,1.0350758758491478
2015-07-06,1.0370360060298922
2015-07-07,1.028845854093862
2015-07-08,1.0359535519520973
2015-07-09,1.0375078893609053
2015-07-10,1.0414188274898546
2015-07-13,1.0307832553444582
2015-07-14,1.0384903823432337
2015-07-15,1.049347335551667
2015-07-16,1.0487217571523006
2015-07-17,1.0450917232714767
2015-07-20,1.032457465398417
2015-07-21,1.0259213433519512
2015-07-22,1.0303734370843611
2015-07-23,1.0303663612454987
2015-07-24,1.0227109554548195
2015-07-27,1.0306704804509443
2015-07-28,1.0273832791757063
2015-07-29,1.0199446652980841
2015-07-30,1.0203331610669852
2015-07-31,1.0230957508101137
2015-08-03,1.0164035166799967
2015-08-04,1.0150373129924206
2015-08-05,1.0230047337427788
2015-08-06,1.0162355761882749
2015-08-07,1.0181776732373065
2015-08-10,1.0167237655385
2015-08-11,1.0196108752338757
2015-08-12,1.014430194538818
2015-08-13,1.0157754887017525
2015-08-14,1.011092808512767
2015-08-17,1.0011360660959787
2015-08-18,0.9942333358831379
2015-08-19,0.9933068073181559
2015-08-20,0.9946251724869354
2015-08-21,1.000803376312933
2015-08-24,1.0027539023089702
2015-08-25,1.0107273159301335
2015-08-26,1.0098710021869928
2015-08-27,1.0128172192553628
2015-08-28,1.0080074705151476
2015-08-31,1.0097520843051675
2015-09-01,1.0080273058960596
2015-09-02,1.0057545075934058
2015-09-03,1.0062708702752372
2015-09-04,0.9992962338226579
2015-09-07,1.001109624976423
2015-09-08,1.0047959288508157
2015-09-09,1.001419510814558
2015-09-10,1.002494932682052
2015-09-11,1.0089211966894924
2015-09-14,1.0128884113063399
2015-09-15,1.0123750764716926
2015-09-16,1.0145421416860982
2015-09-17,1.0222761233414042
2015-09-18,1.0237359157464012
2015-09-21,1.0287471776004997
2015-09-22,1.0330051113316578
2015-09-23,1.033661051222522
2015-09-24,1.0404948386040498
2015-09-25,1.0353984485934105
2015-09-28,1.03777976268334
2015-09-29,1.0350777055030647
2015-09-30,1.0398619436261094
2015-10-01,1.0399376065564532
2015-10-02,1.0450700823340797
2015-10-05,1.0492385746896522
2015-10-06,1.047202422859591
2015-10-07,1.050185029568674
2015-10-08,1.0527566991479258
2015-10-09,1.051850885131227
2015-10-12,1.0565792569468992
2015-10-13,1.0561702853279318
2015-10-14,1.0522260934677166
2015-10-15,1.0539033938984517
2015-10-16,1.056473113666572
2015-10-19,1.0409165986810642
2015-10-20,1.0535642166078492
2015-10-21,1.0686461170912294
2015-10-22,1.064359417104321
2015-10-23,1.0678089105667656
2015-10-26,1.0622791324426013
2015-10-27,1.0536243869645165
2015-10-28,1.0513789725099587
2015-10-29,1.0442633004154642
2015-10-30,1.047222398249019
2015-11-02,1.0519969611711517
2015-11-03,1.061429260335233
2015-11-04,1.0618540091083433
2015-11-05,1.0666103674291483
2015-11-06,1.068864346023194
2015-11-09,1.0705781669990355
2015-11-10,1.0654080483876636
2015-11-11,1.0643062297273194
2015-11-12,1.062526126713235
2015-11-13,1.065837706895353
2015-11-16,1.0547829586021082
2015-11-17,1.0605040571740814
2015-11-18,1.059266696087695
2015-11-19,1.0559115113618425
2015-11-20,1.057906485981565
2015-11-23,1.0579572172448535
2015-11-24,1.0589711079872859
2015-11-25,1.0660737001976197
2015-11-26,1.0567058219615209
2015-11-27,1.0495326685487114
2015-11-30,1.0468000780550293
2015-12-01,1.054290518678429
2015-12-02,1.0586325980198223
2015-12-03,1.0581538587901014
2015-12-04,1.061531452373026
2015-12-07,1.066165053461622
2015-12-08,1.0691033879399003
2015-12-09,1.0750759863731891
2015-12-10,1.0761974127818439
2015-12-11,1.0790135564896615
2015-12-14,1.081868344639822
2015-12-15,1.0798289969267556
2015-12-16,1.0792851979424798
2015-12-17,1.0822090494805376
2015-12-18,1.077108378621902
2015-12-21,1.073385425402403
2015-12-22,1.0721609353289305
2015-12-23,1.0726304458485698
2015-12-24,1.0727041066084344
2015-12-25,1.0727902234708215
2015-12-28,1.073691761774127
2015-12-29,1.0726145535637635
2015-12-30,1.0691329986267801
2015-12-31,1.0695048275395875
2016-01-01,1.0730998663772675
2016-01-04,1.0778971179597778
2016-01-05,1.0673497712041875
2016-01-06,1.0622373985938416
2016-01-07,1.067427929589313
2016-01-08,1.0661151345049071
2016-01-11,1.0565124981339622
2016-01-12,1.063143872002999
2016-01-13,1.0686702768438883
2016-01-14,1.062529884072079
2016-01-15,1.0564802854248543
2016-01-18,1.0724116160677433
2016-01-19,1.0676752730206664
2016-01-20,1.0743510005491492
2016-01-21,1.0828290379237169
2016-01-22,1.0751503354136402
2016-01-25,1.0704328187573378
2016-01-26,1.0761347365039706
2016-01-27,1.0689849958194695
2016-01-28,1.0634403023997474
2016-01-29,1.0625791496986
2016-02-01,1.0620944547733804
2016-02-02,1.0680666203696514
2016-02-03,1.071254530796878
2016-02-04,1.0725430409783516
2016-02-05,1.0719356559791147
2016-02-08,1.0664870278782896
2016-02-09,1.0731541698344897
2016-02-10,1.0740834610590073
2016-02-11,1.07778734889523
2016-02-12,1.0791633359814612
2016-02-15,1.079954560561731
2016-02-16,1.0807004334713186
2016-02-17,1.0809072189807583
2016-02-18,1.0803275758734938
2016-02-19,1.0772767505182779
2016-02-22,1.0803247873411403
2016-02-23,1.086583088403694
2016-02-24,1.0880761594901354
2016-02-25,1.0969933199291193
2016-02-26,1.0946578674576095
2016-02-29,1.1065961681317769
2016-03-01,1.1092377579146226
2016-03-02,1.0940540385677886
2016-03-03,1.1047022250226952
2016-03-04,1.099636417847457
2016-03-07,1.100975444181005
2016-03-08,1.1039785118508858
2016-03-09,1.1045509581057271
2016-03-10,1.1041177648098235
2016-03-11,1.1007681422955091
2016-03-14,1.0981354083651464
2016-03-15,1.1048507599631712
2016-03-16,1.0994243285844776
2016-03-17,1.0999091691145666
2016-03-18,1.104003504575249
2016-03-21,1.0983737811620258
2016-03-22,1.101129651904039
2016-03-23,1.1070911079668757
2016-03-24,1.109236938628852
2016-03-25,1.1156718893664535
2016-03-28,1.1156350248084794
2016-03-29,1.1111023592946463
2016-03-30,1.1104454028352886
2016-03-31,1.1030615139804325
2016-04-01,1.1163572245571929
2016-04-04,1.1165066584327363
2016-04-05,1.1061954933987983
2016-04-06,1.102783813706126
2016-04-07,1.1018697001520295
2016-04-08,1.0950188972511015
2016-04-11,1.088144704095047
2016-04-12,1.0864624855964151
2016-04-13,1.0895897615019137
2016-04-14,1.0949551800100754
2016-04-15,1.101254931265648
2016-04-18,1.0982034052128775
2016-04-19,1.0837085429597395
2016-04-20,1.0935350829059907
2016-04-21,1.0925374507756136
2016-04-22,1.090342363967605
2016-04-25,1.0972938841046966
2016-04-26,1.0957751373505917
2016-04-27,1.098656463716932
2016-04-28,1.1002013767240282
2016-04-29,1.0935887013065249
2016-05-02,1.0878364957191096
2016-05-03,1.086820995503043
2016-05-04,1.0869224615194288
2016-05-05,1.0837356082446084
2016-05-06,1.080509742180961
2016-05-09,1.0803119013879858
2016-05-10,1.0767013896848923
2016-05-11,1.0816964024716371
2016-05-12,1.0835218277523742
2016-05-13,1.0808558800402757
2016-05-16,1.0842285753457221
2016-05-17,1.0916312655890794
2016-05-18,1.0927940730622792
2016-05-19,1.0850903690656002
2016-05-20,1.0938154058780525
2016-05-23,1.1031395725601516
2016-05-24,1.1101741259285394
2016-05-25,1.1138699111948656
2016-05-26,1.116893736859158
2016-05-27,1.117888720542823
2016-05-30,1.1186282167451287
2016-05-31,1.112328375560187
2016-06-01,1.1061790098787734
2016-06-02,1.101511493123591
2016-06-03,1.0906454729015773
2016-06-06,1.0840374027832889
2016-06-07,1.084200092440965
2016-06-08,1.072281496776483
2016-06-09,1.067368409800349
2016-06-10,1.066323837550172
2016-06-13,1.06243122394406
2016-06-14,1.0608424657542372
2016-06-15,1.0625470765297738
2016-06-16,1.067843404092789
2016-06-17,1.0640986148072504
2016-06-20,1.0626672540194786
2016-06-21,1.0511074889732588
2016-06-22,1.0544124145411538
2016-06-23,1.0500572119227343
2016-06-24,1.052046670183345
2016-06-27,1.050578589838855
2016-06-28,1.0624910954194786
2016-06-29,1.0724073820484399
2016-06-30,1.0759715654058584
2016-07-01,1.0784624005190397
2016-07-04,1.0800311117219383
2016-07-05,1.0777417447797635
2016-07-06,1.0737738729475554
2016-07-07,1.0689168652317442
2016-07-08,1.0657247362921065
2016-07-11,1.0681553740934369
2016-07-12,1.0670751626422135
2016-07-13,1.0563568427133332
2016-07-14,1.0700978231964093
2016-07-15,1.069418325843954
2016-07-18,1.0811075748490249
2016-07-19,1.0791294504312328
2016-07-20,1.0779968281594565
2016-07-21,1.083192274817169
2016-07-22,1.081769809648778
2016-07-25,1.084140006436645
2016-07-26,1.082554203405921
2016-07-27,1.0801643576761104
2016-07-28,1.0886592232236019
2016-07-29,1.082290737084268
2016-08-01,1.0797269211387386
2016-08-02,1.0897818412125768
2016-08-03,1.0881860078256544
2016-08-04,1.0803807324372823
2016-08-05,1.0838998528831314
2016-08-08,1.0839057686330043
2016-08-09,1.086540542269685
2016-08-10,1.087096402134039
2016-08-11,1.0812881423179748
2016-08-12,1.0827778606793876
2016-08-15,1.0898360168536383
2016-08-16,1.0873053933176808
2016-08-17,1.082689797299471
2016-08-18,1.0819500049604953
2016-08-19,1.0810177585532919
2016-08-22,1.0794802983071814
2016-08-23,1.0863464832521947
2016-08-24,1.0878630865489796
2016-08-25,1.097078972908831
2016-08-26,1.0985269640560023
2016-08-29,1.1007114639621527
2016-08-30,1.1129107185365608
2016-08-31,1.1150254181544297
2016-09-01,1.1138080618621864
2016-09-02,1.1087702519955227
2016-09-05,1.1042388677408626
2016-09-06,1.1021406536920242
2016-09-07,1.1009680861386972
2016-09-08,1.0898141635791696
2016-09-09,1.089928622010594
2016-09-12,1.075264637154234
2016-09-13,1.0823281750752711
2016-09-14,1.0723109773372839
2016-09-15,1.0735005774712199
2016-09-16,1.0744820197369573
2016-09-19,1.081893405554279
2016-09-20,1.0828346758544207
2016-09-21,1.0824991635438581
2016-09-22,1.0844067279829244
2016-09-23,1.0817501997236025
2016-09-26,1.0791813166026887
2016-09-27,1.0805376490180572
2016-09-28,1.0791542774448442
2016-09-29,1.0828166557155428
2016-09-30,1.0782476297384587
2016-10-03,1.083582151002856
2016-10-04,1.0863327667521339
2016-10-05,1.0866752083739144
2016-10-06,1.0785102951493424
2016-10-07,1.083229887897811
2016-10-10,1.094062410448882
2016-10-11,1.0917295100805815
2016-10-12,1.0966241399523529
2016-10-13,1.0962016471658245
2016-10-14,1.0903953094470575
2016-10-17,1.0864175493282835
2016-10-18,1.0860403233273186
2016-10-19,1.0887066451962017
2016-10-20,1.0809626148128162
2016-10-21,1.0773554770447586
2016-10-24,1.0777363399565396
2016-10-25,1.071148658358491
2016-10-26,1.0734520911071155
2016-10-27,1.0829069595252874
2016-10-28,1.0825618189658603
2016-10-31,1.086745513927653
2016-11-01,1.080018819901164
2016-11-02,1.0768178018194319
2016-11-03,1.082376682068133
2016-11-04,1.0751989492542218
2016-11-07,1.0715867463716096
2016-11-08,1.0779136594047634
2016-11-09,1.0748308869145276
2016-11-10,1.0642872367475498
2016-11-11,1.0614897074178953
2016-11-14,1.0709468243191949
2016-11-15,1.0788599558531176
2016-11-16,1.078639279057034
2016-11-17,1.0775862371055018
2016-11-18,1.0905021712924585
2016-11-21,1.08560716144494
2016-11-22,1.0823309947798887
2016-11-23,1.0882705142238025
2016-11-24,1.0837641250445469
2016-11-25,1.0859583311815495
2016-11-28,1.0794525889221753
2016-11-29,1.0877019268808998
2016-11-30,1.0855586065693232
2016-12-01,1.0822404077597774
2016-12-02,1.0778855638990401
2016-12-05,1.0718952694454673
2016-12-06,1.0702283170320468
2016-12-07,1.0578137049153036
2016-12-08,1.0522508942376985
2016-12-09,1.0525418340233943
2016-12-12,1.0532081775211684
2016-12-13,1.0530387699960995
2016-12-14,1.049245090737551
2016-12-15,1.0573878590923849
2016-12-16,1.0621868333196518
2016-12-19,1.061838537698204
2016-12-20,1.061431361999662
2016-12-21,1.0591189327635082
2016-12-22,1.0559177848606942
2016-12-23,1.0552942917073043
2016-12-26,1.060485543284704
2016-12-27,1.0583212021090904
2016-12-28,1.0653015850503273
2016-12-29,1.0620404566200836
2016-12-30,1.070165418547566
2017-01-02,1.0687818320170288
2017-01-03,1.0726248000773417
2017-01-04,1.0850381310679742
2017-01-05,1.0983683020814954
2017-01-06,1.091210289622159
2017-01-09,1.097062086207086
2017-01-10,1.0920961422576714
2017-01-11,1.0943573367785697
2017-01-12,1.0972448545593365
2017-01-13,1.1021831762478156
2017-01-16,1.095345252727121
2017-01-17,1.0891035919019612
2017-01-18,1.0848100838960244
2017-01-19,1.0881849265434786
2017-01-20,1.0897333529330202
2017-01-23,1.0921881253700731
2017-01-24,1.08597668225022
2017-01-25,1.0870980600438591
2017-01-26,1.083729135864628
2017-01-27,1.080605940329296
2017-01-30,1.080125870374911
2017-01-31,1.0721506970482848
2017-02-01,1.0752046417279675
2017-02-02,1.067710271819498
2017-02-03,1.0657242882679576
2017-02-06,1.069886050935829
2017-02-07,1.0620103613917655
2017-02-08,1.0547698974918829
2017-02-09,1.0604385998826502
2017-02-10,1.0549477806883414
2017-02-13,1.0602601747992222
2017-02-14,1.062797611975841
2017-02-15,1.0558866601079375
2017-02-16,1.0569984950119877
2017-02-17,1.059600736977249
2017-02-20,1.0524218961387335
2017-02-21,1.0529493438460316
2017-02-22,1.057557066996619
2017-02-23,1.0573335627298566
2017-02-24,1.0583345824038026
2017-02-27,1.0578025885698794
2017-02-28,1.063424972198754
2017-03-01,1.0631189907007386
2017-03-02,1.0596204996907297
2017-03-03,1.0586407190312765
2017-03-06,1.0505729438060591
2017-03-07,1.0349477714514514
2017-03-08,1.0308688127888732
2017-03-09,1.0389295099064253
2017-03-10,1.0444282733829209
2017-03-13,1.036055345774852
2017-03-14,1.0308266282012684
2017-03-15,1.0278158261903017
2017-03-16,1.0270386002937641
2017-03-17,1.0219513370241409
2017-03-20,1.019025101737485
2017-03-21,1.0244495265157263
2017-03-22,1.0195327973143007
2017-03-23,1.0226005726615957
2017-03-24,1.0267003183536858
2017-03-27,1.039218637046408
2017-03-28,1.0358548042315716
2017-03-29,1.0302705799768188
2017-03-30,1.0216167394300704
2017-03-31,1.0251948618809918
2017-04-03,1.0275968906050463
2017-04-04,1.0272708155303105
2017-04-05,1.0291363589407196
2017-04-06,1.0297696297674492
2017-04-07,1.0278719984053712
2017-04-10,1.0263529165117515
2017-04-11,1.0260622311317824
2017-04-12,1.0388443848457287
2017-04-13,1.0437823822679837
2017-04-14,1.0379117233484894
2017-04-17,1.0401815066559645
2017-04-18,1.0403543198997078
2017-04-19,1.0499573603929262
2017-04-20,1.056777314824558
2017-04-21,1.05645813534072
2017-04-24,1.0565216140294535
2017-04-25,1.050730694232131
2017-04-26,1.0543837833669165
2017-04-27,1.0606411922626666
2017-04-28,1.0615011599501953
2017-05-01,1.0631196759347294
2017-05-02,1.0615991117815675
2017-05-03,1.066494451779722
2017-05-04,1.059558565862016
2017-05-05,1.053847455515549
2017-05-08,1.058956613043871
2017-05-09,1.051702749558614
2017-05-10,1.0485848870618943
2017-05-11,1.0473375293662714
2017-05-12,1.0500176331514037
2017-05-15,1.051039037781237
2017-05-16,1.0350786122087603
2017-05-17,1.0382959687346187
2017-05-18,1.03736007028229
2017-05-19,1.0431031423828765
2017-05-22,1.0382573630595395
2017-05-23,1.0466490787307776
2017-05-24,1.0407104761443078
2017-05-25,1.0385153802650324
2017-05-26,1.045270816274301
2017-05-29,1.0572695766688658
2017-05-30,1.0512809360202817
2017-05-31,1.0646018992494959
2017-06-01,1.0521524549629933
2017-06-02,1.0563444074955206
2017-06-05,1.06586392080896
2017-06-06,1.0605824098863574
2017-06-07,1.0673163046145937
2017-06-08,1.0648066995704544
2017-06-09,1.0610327037527691
2017-06-12,1.0540559672057375
2017-06-13,1.0538567730267492
2017-06-14,1.0548271062042394
2017-06-15,1.0487473635841489
2017-06-16,1.0564320015283017
2017-06-19,1.0534388059737256
2017-06-20,1.0534528172994353
2017-06-21,1.0548901338262602
2017-06-22,1.0709086374738175
2017-06-23,1.0779973818137338
2017-06-26,1.0826155666589583
2017-06-27,1.0804493873400014
2017-06-28,1.0826921342216225
2017-06-29,1.0854984936850955
2017-06-30,1.0855553352802099
2017-07-03,1.0909799902659512
2017-07-04,1.1082851319779334
2017-07-05,1.1023630917716738
2017-07-06,1.1048723508783374
2017-07-07,1.1072617856116553
2017-07-10,1.1061787516971475
2017-07-11,1.102705469230707
2017-07-12,1.0989578708536651
2017-07-13,1.1115020130350282
2017-07-14,1.1126138253686038
2017-07-17,1.1184816998821192
2017-07-18,1.1171489250010036
2017-07-19,1.119799611817057
2017-07-20,1.1229246073886072
2017-07-21,1.1218157166308858
2017-07-24,1.1235298792772674
2017-07-25,1.1309758243089876
2017-07-26,1.124919089647002
2017-07-27,1.1264233020841523
2017-07-28,1.1298813864150925
2017-07-31,1.1346276346664868
2017-08-01,1.1403100556155152
2017-08-02,1.1446771455408236
2017-08-03,1.151753016281074
2017-08-04,1.1496586229182906
2017-08-07,1.158283300470771
2017-08-08,1.159241578809719
2017-08-09,1.1645474632693273
2017-08-10,1.1571692916457692
2017-08-11,1.1612480990574046
2017-08-14,1.1623871029141277
2017-08-15,1.1608835202829495
2017-08-16,1.1686398405487672
2017-08-17,1.1701966314453294
2017-08-18,1.171622265414469
2017-08-21,1.163499565917587
2017-08-22,1.1597529749167128
2017-08-23,1.161063923388076
2017-08-24,1.1573935551183647
2017-08-25,1.1660397588596667
2017-08-28,1.1645747860898585
2017-08-29,1.1592065087406005
2017-08-30,1.1529810349614287
2017-08-31,1.152455543886351
2017-09-01,1.1576042933708741
2017-09-04,1.1524112301782448
2017-09-05,1.1466310844441425
2017-09-06,1.1435703118671714
2017-09-07,1.143426617507808
2017-09-08,1.1376251120404903
2017-09-11,1.138555641256322
2017-09-12,1.1476569679914128
2017-09-13,1.1478214980799852
2017-09-14,1.145723233390383
2017-09-15,1.1523724859787532
2017-09-18,1.145980275747609
2017-09-19,1.149263974508023
2017-09-20,1.1496620794994952
2017-09-21,1.1596354867491283
2017-09-22,1.1671535069264374
2017-09-25,1.1559884328208803
2017-09-26,1.1574444232750716
2017-09-27,1.1492454576622009
2017-09-28,1.1560446714016164
2017-09-29,1.1507832444432609
2017-10-02,1.1555568869461448
2017-10-03,1.1624563857336154
2017-10-04,1.152115867895693
2017-10-05,1.1608502366356175
2017-10-06,1.1676158164649633
2017-10-09,1.1617157594986955
2017-10-10,1.1687096690546583
2017-10-11,1.1619543300368762
2017-10-12,1.167481496291937
2017-10-13,1.1671988733440017
2017-10-16,1.1591636502379496
2017-10-17,1.1679674403174332
2017-10-18,1.1768238570437495
2017-10-19,1.1782085983826602
2017-10-20,1.1785937883748567
2017-10-23,1.176483344462534
2017-10-24,1.179990298625101
2017-10-25,1.1826559536651942
2017-10-26,1.1919359931015256
2017-10-27,1.1934450754343104
2017-10-30,1.2020551370514245
2017-10-31,1.191132203058411
2017-11-01,1.196215467651843
2017-11-02,1.1975376482817326
2017-11-03,1.1999452675042235
2017-11-06,1.2111143846629957
2017-11-07,1.2180799574861392
2017-11-08,1.2162092631503656
2017-11-09,1.211289182569992
2017-11-10,1.1999447513104797
2017-11-13,1.2029061335483373
2017-11-14,1.2105637113427972
2017-11-15,1.218501080392026
2017-11-16,1.2163060884362982
2017-11-17,1.2241766320622431
2017-11-20,1.2322190448480947
2017-11-21,1.2384374630450923
2017-11-22,1.2390310843689443
2017-11-23,1.2390194090312558
2017-11-24,1.242602959485732
2017-11-27,1.2471118298420505
2017-11-28,1.244423588467265
2017-11-29,1.2424428497239355
2017-11-30,1.2443841531042457
2017-12-01,1.2408063806700642
2017-12-04,1.2379226026112007
2017-12-05,1.2272993117473663
2017-12-06,1.2213745532763398
2017-12-07,1.2261869939622865
2017-12-08,1.232628566044746
2017-12-11,1.232655566593593
2017-12-12,1.2377984001614948
2017-12-13,1.2242596136520856
2017-12-14,1.2271473728709297
2017-12-15,1.2184621597706697
2017-12-18,1.2136114093893717
2017-12-19,1.2178165531633356
2017-12-20,1.2230706415564747
2017-12-21,1.2116868050478105
2017-12-22,1.2018500593961272
2017-12-25,1.1980821372723078
2017-12-26,1.1876111691005924
2017-12-27,1.1854142030682808
2017-12-28,1.1908111679155091
2017-12-29,1.1818315972612161
2018-01-01,1.1939845839344971
2018-01-02,1.192690692669116
2018-01-03,1.1951724739096337
2018-01-04,1.1892902825228302
2018-01-05,1.1957446199322783
2018-01-08,1.1974060180521493
2018-01-09,1.1991934900721084
2018-01-10,1.2017768334673686
2018-01-11,1.1942698090804162
2018-01-12,1.196984848621762
2018-01-15,1.201464111271943
2018-01-16,1.1925336151577548
2018-01-17,1.191190230044388
2018-01-18,1.1896218751303327
2018-01-19,1.1901370988655284
2018-01-22,1.1946944754933302
2018-01-23,1.1998459269905755
2018-01-24,1.1995126716826188
2018-01-25,1.205511205513602
2018-01-26,1.197475550866081
2018-01-29,1.1993059928495027
2018-01-30,1.1874943716188269
2018-01-31,1.1848009366293708
2018-02-01,1.18791773736079
2018-02-02,1.1924232609489516
2018-02-05,1.1944403044729086
2018-02-06,1.204106405996602
2018-02-07,1.2050277758300847
2018-02-08,1.1950265511795717
2018-02-09,1.1817069151618087
2018-02-12,1.17610836715952
2018-02-13,1.1704991605669222
2018-02-14,1.1709797598627343
2018-02-15,1.1680127400657725
2018-02-16,1.162714783823736
2018-02-19,1.159586065474617
2018-02-20,1.1578850429559768
2018-02-21,1.1533049775251574
2018-02-22,1.1537872816585615
2018-02-23,1.159510792179394
2018-02-26,1.156009093217441
2018-02-27,1.1567468124211422
2018-02-28,1.1689767447680985
2018-03-01,1.170670993181824
2018-03-02,1.177315704054119
2018-03-05,1.1747978263977201
2018-03-06,1.1819281923111913
2018-03-07,1.1774440878338672
2018-03-08,1.181250360851625
2018-03-09,1.1878778895035613
2018-03-12,1.1973041169745167
2018-03-13,1.1983253567009347
2018-03-14,1.1969772647409722
2018-03-15,1.188970245518516
2018-03-16,1.1888007299643553
2018-03-19,1.193848673724177
2018-03-20,1.198284261104669
2018-03-21,1.1984376364993683
2018-03-22,1.2009285882117011
2018-03-23,1.2112332093834035
2018-03-26,1.215631788593621
2018-03-27,1.214483674000703
2018-03-28,1.2147414764620548
2018-03-29,1.2191194893944353
2018-03-30,1.2230182399317446
2018-04-02,1.2370973752132923
2018-04-03,1.2475875610688116
2018-04-04,1.241475716426489
2018-04-05,1.2377199549762277
2018-04-06,1.2459111102643172
2018-04-09,1.2413545631855722
2018-04-10,1.2426820574518924
2018-04-11,1.2530574189448584
2018-04-12,1.2552971838479667
2018-04-13,1.261751489444258
2018-04-16,1.263434876165169
2018-04-17,1.263273545484675
2018-04-18,1.2519308966615066
2018-04-19,1.2538244102923866
2018-04-20,1.2507869196026111
2018-04-23,1.2594693996786948
2018-04-24,1.2438530453108394
2018-04-25,1.2409805439598363
2018-04-26,1.2498795584605489
2018-04-27,1.2623893041450278
2018-04-30,1.2699534278620057
2018-05-01,1.2744933717938616
2018-05-02,1.263797713729027
2018-05-03,1.2573918353982578
2018-05-04,1.2635190775272118
2018-05-07,1.255659937508011
2018-05-08,1.2544743970824295
2018-05-09,1.252808594648424
2018-05-10,1.2557224490862569
2018-05-11,1.2602197778727287
2018-05-14,1.2445117405030097
2018-05-15,1.2465698466815112
2018-05-16,1.2426137756423326
2018-05-17,1.2463543110006692
2018-05-18,1.2355525762572448
2018-05-21,1.2421120715476957
2018-05-22,1.2379624246410645
2018-05-23,1.2358518748975742
2018-05-24,1.2462128748613712
2018-05-25,1.2456495735708044
2018-05-28,1.25208937038094
2018-05-29,1.2522246828929355
2018-05-30,1.262937784360592
2018-05-31,1.265374764839947
2018-06-01,1.2689360857171956
2018-06-04,1.2703716903376916
2018-06-05,1.2687837803697903
2018-06-06,1.2746283016467326
2018-06-07,1.27015991001907
2018-06-08,1.2750804514035041
2018-06-11,1.2815028557468038
2018-06-12,1.2852384999946675
2018-06-13,1.279484037277566
2018-06-14,1.2826431063233361
2018-06-15,1.2896639909064511
2018-06-18,1.2817927352951182
2018-06-19,1.2723128420248384
2018-06-20,1.2779864091470328
2018-06-21,1.274151131871604
2018-06-22,1.279202453555562
2018-06-25,1.290444007357857
2018-06-26,1.2812477990127735
2018-06-27,1.271558285832093
2018-06-28,1.2769556546047363
2018-06-29,1.2856322315944766
2018-07-02,1.2969515113561318
2018-07-03,1.3024841899038377
2018-07-04,1.30191378244686
2018-07-05,1.3028412470953554
2018-07-06,1.3053354335203018
2018-07-09,1.3166285188979923
2018-07-10,1.318864408241523
2018-07-11,1.3146239572406688
2018-07-12,1.3163971097558707
2018-07-13,1.3064191238542817
2018-07-16,1.3030966848831889
2018-07-17,1.3013971082784517
2018-07-18,1.2991656251272317
2018-07-19,1.2891631113474669
2018-07-20,1.2818151762190977
2018-07-23,1.2819883183692913
2018-07-24,1.2876632991012782
2018-07-25,1.2852760191901773
2018-07-26,1.286060768213467
2018-07-27,1.292004199846834
2018-07-30,1.3095602208551718
2018-07-31,1.307797292529096
2018-08-01,1.3026015711955445
2018-08-02,1.3080534183437136
2018-08-03,1.313932558406956
2018-08-06,1.3056491444361382
2018-08-07,1.2986525454861635
2018-08-08,1.2900632125660463
2018-08-09,1.2857468888889638
2018-08-10,1.2916001771312418
2018-08-13,1.294210817631173
2018-08-14,1.2956065843878062
2018-08-15,1.2895526580618377
2018-08-16,1.283023293955003
2018-08-17,1.283802644540923
2018-08-20,1.2837941615629462
2018-08-21,1.2872393840952334
2018-08-22,1.2964751939097054
2018-08-23,1.2893991713510438
2018-08-24,1.2887414719915236
2018-08-27,1.28977689530277
2018-08-28,1.2913295306892585
2018-08-29,1.2921145167055483
2018-08-30,1.2921838609824257
2018-08-31,1.2937145170065971
2018-09-03,1.297365386218591
2018-09-04,1.293094217337008
2018-09-05,1.2964373509663982
2018-09-06,1.300081622762284
2018-09-07,1.3019180766071865
2018-09-10,1.3124885717656243
2018-09-11,1.3142201007114582
2018-09-12,1.316929407267461
2018-09-13,1.3108080047391433
2018-09-14,1.3179360146918027
2018-09-17,1.330868348733185
2018-09-18,1.3322257069644388
2018-09-19,1.3187919995840367
2018-09-20,1.3261955851336305
2018-09-21,1.335592053419013
2018-09-24,1.3373567505606554
2018-09-25,1.3342104305250908
2018-09-26,1.3430251343211685
2018-09-27,1.3513899188800256
2018-09-28,1.3534132792638025
2018-10-01,1.3614482653733382
2018-10-02,1.356837938419643
2018-10-03,1.3659296191768233
2018-10-04,1.3681254260546638
2018-10-05,1.366366603975038
2018-10-08,1.3674827812197348
2018-10-09,1.3733350400118387
2018-10-10,1.3757830930284685
2018-10-11,1.3887417870126748
2018-10-12,1.397501382794016
2018-10-15,1.3896504329249963
2018-10-16,1.3964068311274604
2018-10-17,1.4037677738883911
2018-10-18,1.4084234926757082
2018-10-19,1.4020704719159178
2018-10-22,1.4102538947544876
2018-10-23,1.4124295238842104
2018-10-24,1.405628229593933
2018-10-25,1.40847387677247
2018-10-26,1.4167851983710447
2018-10-29,1.4111587317004792
2018-10-30,1.4055574328760074
2018-10-31,1.4110183271689167
2018-11-01,1.4139487694236803
2018-11-02,1.4200968014921558
2018-11-05,1.4209442237312198
2018-11-06,1.4391126590331784
2018-11-07,1.4369313814720395
2018-11-08,1.4420865936377263
2018-11-09,1.4391498001114673
2018-11-12,1.4294221600181902
2018-11-13,1.428893578843366
2018-11-14,1.427266620633979
2018-11-15,1.4403642150744562
2018-11-16,1.4438873990855927
2018-11-19,1.438693268260312
2018-11-20,1.4395143975086575
2018-11-21,1.4334090711868341
2018-11-22,1.4320221342550121
2018-11-23,1.4398512114742543
2018-11-26,1.4436595097234939
2018-11-27,1.4321418415601594
2018-11-28,1.4268558443217492
2018-11-29,1.4213097419722422
2018-11-30,1.4167880455091812
2018-12-03,1.41923622237977
2018-12-04,1.4270158537222484
2018-12-05,1.4249707345095555
2018-12-06,1.4208444679167052
2018-12-07,1.4271344024162305
2018-12-10,1.4297232833771052
2018-12-11,1.4263496220571865
2018-12-12,1.423930496340848
2018-12-13,1.4222127823986608
2018-12-14,1.4304612666322103
2018-12-17,1.4339708036417207
2018-12-18,1.447478451838528
2018-12-19,1.4518017326977821
2018-12-20,1.445725494924485
2018-12-21,1.4340288086403883
2018-12-24,1.4299188303552943
2018-12-25,1.418607687545123
2018-12-26,1.4134385659115105
2018-12-27,1.4139256840716405
2018-12-28,1.4050850872201597
2018-12-31,1.410957835220265
2019-01-01,1.4077337309829578
2019-01-02,1.4137137472518946
2019-01-03,1.407381129763524
2019-01-04,1.4128218591268709
2019-01-07,1.4096037728621387
2019-01-08,1.408284481358645
2019-01-09,1.404158836539671
2019-01-10,1.4034488774853127
2019-01-11,1.4078366268323959
2019-01-14,1.3984817843536599
2019-01-15,1.4143629810370397
2019-01-16,1.430504066196413
2019-01-17,1.4272786654548582
2019-01-18,1.4347423365946255
2019-01-21,1.426517937856935
2019-01-22,1.4151771164892597
2019-01-23,1.4292042906866735
2019-01-24,1.4352300943358545
2019-01-25,1.4367110346407492
2019-01-28,1.442486253537922
2019-01-29,1.4380456103522887
2019-01-30,1.4391717819152272
2019-01-31,1.441280520534737
2019-02-01,1.4312550053843753
2019-02-04,1.4398938195821802
2019-02-05,1.4370444692426325
2019-02-06,1.4289882499500508
2019-02-07,1.4414321416872682
2019-02-08,1.4507185906841318
2019-02-11,1.4495849996391534
2019-02-12,1.440891538258464
2019-02-13,1.4451040283060457
2019-02-14,1.4460248393278003
2019-02-15,1.462293966225281
2019-02-18,1.4725233867873129
2019-02-19,1.4695845995465389
2019-02-20,1.4807410377251335
2019-02-21,1.491195698711027
2019-02-22,1.4785935570203523
2019-02-25,1.4833539977335328
2019-02-26,1.4927960712095592
2019-02-27,1.490188491098832
2019-02-28,1.4814320526470834
2019-03-01,1.5040293897232404
2019-03-04,1.5163064429261655
2019-03-05,1.5187618609986147
2019-03-06,1.5030199235070734
2019-03-07,1.5004486048993817
2019-03-08,1.5157528464845929
2019-03-11,1.5264840500891834
2019-03-12,1.5250065011422982
2019-03-13,1.5217555239171534
2019-03-14,1.533477063408344
2019-03-15,1.5322359348504182
2019-03-18,1.5319135335099014
2019-03-19,1.5358595221413427
2019-03-20,1.5410376187848835
2019-03-21,1.5332049732918758
2019-03-22,1.5385959350385763
2019-03-25,1.531571473534588
2019-03-26,1.542169514824539
2019-03-27,1.5402185801487345
2019-03-28,1.5431228289464876
2019-03-29,1.521614529401672
2019-04-01,1.5286479899153325
2019-04-02,1.536776735641487
2019-04-03,1.53345264333029
2019-04-04,1.5235903791072927
2019-04-05,1.513551082035416
2019-04-08,1.5142195129482399
2019-04-09,1.5064214607196413
2019-04-10,1.5065764641807857
2019-04-11,1.5081082799955363
2019-04-12,1.5104902157784081
2019-04-15,1.5220168772631488
2019-04-16,1.5326426515644989
2019-04-17,1.5345121737748302
2019-04-18,1.5403257291568881
2019-04-19,1.5440769400979342
2019-04-22,1.5561093608102523
2019-04-23,1.557964520573914
2019-04-24,1.56590391993707
2019-04-25,1.58393570725762
2019-04-26,1.5880655723199617
2019-04-29,1.5850643462635223
2019-04-30,1.5824087820908384
2019-05-01,1.5773859791476708
2019-05-02,1.5842021902863739
2019-05-03,1.58788876770816
2019-05-06,1.5858608865747916
2019-05-07,1.5989060406365416
2019-05-08,1.5965866865292484
2019-05-09,1.598175821212719
2019-05-10,1.5927605811489771
2019-05-13,1.5927132200736382
2019-05-14,1.587143105858132
2019-05-15,1.5871410372522758
2019-05-16,1.5796370617412117
2019-05-17,1.576411383759445
2019-05-20,1.5716130026530524
2019-05-21,1.5672211469099686
2019-05-22,1.5609240424869077
2019-05-23,1.5590304380706463
2019-05-24,1.5401311022808175
2019-05-27,1.5460053862148617
2019-05-28,1.54885814569141
2019-05-29,1.5518284712631718
2019-05-30,1.5511141544343725
2019-05-31,1.561457885873929
2019-06-03,1.5564711021971789
2019-06-04,1.54383434662676
2019-06-05,1.5464518881933853
2019-06-06,1.5617182782639216
2019-06-07,1.573529548127918
2019-06-10,1.5812504564562901
2019-06-11,1.5996968542905432
2019-06-12,1.5969369034321064
2019-06-13,1.5937887676091496
2019-06-14,1.5922309760320246
2019-06-17,1.5728357972632523
2019-06-18,1.584788657779583
2019-06-19,1.5852302371224656
2019-06-20,1.5806802115661183
2019-06-21,1.5795028793762231
2019-06-24,1.5723912142677092
2019-06-25,1.5731350144857266
2019-06-26,1.5694318418019721
2019-06-27,1.5661036228066254
2019-06-28,1.5594887450822381
2019-07-01,1.5600675403567588
2019-07-02,1.5564004653491397
2019-07-03,1.5672150057852137
2019-07-04,1.5716796543104492
2019-07-05,1.5616363837889993
2019-07-08,1.5666601226955366
2019-07-09,1.5695747496849923
2019-07-10,1.570364322384885
2019-07-11,1.5693669167645554
2019-07-12,1.5788351747971512
2019-07-15,1.570339061273268
2019-07-16,1.5700400562658237
2019-07-17,1.5571141895413871
2019-07-18,1.5615011419096494
2019-07-19,1.561231468083528
2019-07-22,1.5538102755849468
2019-07-23,1.555478165527074
2019-07-24,1.5663223071863825
2019-07-25,1.5674298742264041
2019-07-26,1.5553217099034953
2019-07-29,1.5554098552978972
2019-07-30,1.5579343000150914
2019-07-31,1.5527722936459452
2019-08-01,1.5702395872387689
2019-08-02,1.559095739342492
2019-08-05,1.5395038569723767
2019-08-06,1.5325218714164124
2019-08-07,1.5178210605680658
2019-08-08,1.5252146802182913
2019-08-09,1.5335389730488225
2019-08-12,1.5214184462596312
2019-08-13,1.5133658452462975
2019-08-14,1.504399966842946
2019-08-15,1.5044544205500199
2019-08-16,1.5082174514202815
2019-08-19,1.5197211148606504
2019-08-20,1.523176281901213
2019-08-21,1.5208399456307518
2019-08-22,1.518162516353626
2019-08-23,1.5191313626964813
2019-08-26,1.5205586139015492
2019-08-27,1.519855119903619
2019-08-28,1.5208230210968081
2019-08-29,1.5208693072749637
2019-08-30,1.510057401635533
2019-09-02,1.5114004735999003
2019-09-03,1.50501755086005
2019-09-04,1.5067974065426009
2019-09-05,1.5107106983308671
2019-09-06,1.5198299318173114
2019-09-09,1.5198043378876018
2019-09-10,1.5151824666442235
2019-09-11,1.521806603126775
2019-09-12,1.522517538305282
2019-09-13,1.537693908673127
2019-09-16,1.527021884370359
2019-09-17,1.5228225141863745
2019-09-18,1.5176200965722644
2019-09-19,1.5318413788442502
2019-09-20,1.5355550671290203
2019-09-23,1.5214207395556656
2019-09-24,1.50800671268034
2019-09-25,1.5147094889059765
2019-09-26,1.5069250897183697
2019-09-27,1.5071913114656061
2019-09-30,1.5058608355444025
2019-10-01,1.5209816608232551
2019-10-02,1.5194074499355366
2019-10-03,1.5164280702697708
2019-10-04,1.5209335537912545
2019-10-07,1.5296186390052735
2019-10-08,1.5307854001035723
2019-10-09,1.5134433114478
2019-10-10,1.5197902805647459
2019-10-11,1.5097061964927732
2019-10-14,1.4983420906716751
2019-10-15,1.494879001063941
2019-10-16,1.4960380161274927
2019-10-17,1.5071739209243615
2019-10-18,1.4920478640832069
2019-10-21,1.493426197169721
2019-10-22,1.5046838271667078
2019-10-23,1.5041443921424507
2019-10-24,1.5101672969135818
2019-10-25,1.5155796002022481
2019-10-28,1.5114918962615222
2019-10-29,1.5163064859060307
2019-10-30,1.5174232797022615
2019-10-31,1.5152400959656642
2019-11-01,1.527561211305392
2019-11-04,1.5264571796826756
2019-11-05,1.5382124658036238
2019-11-06,1.5358210313533671
2019-11-07,1.5350696662241974
2019-11-08,1.5335137186249883
2019-11-11,1.5417924923574626
2019-11-12,1.5353584450922726
2019-11-13,1.5391313388004644
2019-11-14,1.5424051000172239
2019-11-15,1.5457306141560945
2019-11-18,1.5617987475552781
2019-11-19,1.560373631880341
2019-11-20,1.5819226718231318
2019-11-21,1.5910300435564664
2019-11-22,1.579759007253348
2019-11-25,1.5709969176143432
2019-11-26,1.579302023563029
2019-11-27,1.5736608575652995
2019-11-28,1.5758340912957087
2019-11-29,1.5706098628593752
2019-12-02,1.5672125598400934
2019-12-03,1.5654502277756026
2019-12-04,1.5734000830612684
2019-12-05,1.571862581070904
2019-12-06,1.5833132314950529
2019-12-09,1.5758309624503597
2019-12-10,1.5823270353865635
2019-12-11,1.5842558229411847
2019-12-12,1.5747108375552756
2019-12-13,1.5703027785260881
2019-12-16,1.569613783298988
2019-12-17,1.5795775177728741
2019-12-18,1.5788199958829037
2019-12-19,1.5953807354524578
2019-12-20,1.5930788007191299
2019-12-23,1.5941016371156658
2019-12-24,1.6048802433326863
2019-12-25,1.5950155655430394
2019-12-26,1.604837922101549
2019-12-27,1.5998609970110502
2019-12-30,1.5982344348793125
2019-12-31,1.6004761938646532
2020-01-01,1.5942547444800026
2020-01-02,1.6157093587288003
2020-01-03,1.6177519967834706
2020-01-06,1.6191093413539126
2020-01-07,1.6145792596049062
2020-01-08,1.6039889891467267
2020-01-09,1.6133411081817766
2020-01-10,1.6113977219538078
2020-01-13,1.6143049428741405
2020-01-14,1.6066674162735295
2020-01-15,1.6134467746012455
2020-01-16,1.6111500740333236
2020-01-17,1.5980793194750245
2020-01-20,1.5960063117929317
2020-01-21,1.602461312333334
2020-01-22,1.607411596909147
2020-01-23,1.6107367607383476
2020-01-24,1.6106951905193712
2020-01-27,1.6112463484481414
2020-01-28,1.6070099197874175
2020-01-29,1.6165833514409682
2020-01-30,1.6164166885621027
2020-01-31,1.612408156361802
2020-02-03,1.6270909095102446
2020-02-04,1.6374084831174351
2020-02-05,1.638449189369126
2020-02-06,1.6358194213440875
2020-02-07,1.633442602412735
2020-02-10,1.625820219492427
2020-02-11,1.6338097536396736
2020-02-12,1.649076968016627
2020-02-13,1.6540494222651003
2020-02-14,1.6671301579636604
2020-02-17,1.6745574685345228
2020-02-18,1.6625031000005772
2020-02-19,1.6749174244184646
2020-02-20,1.673289320447882
2020-02-21,1.675374008631118
2020-02-24,1.668004276768726
2020-02-25,1.6536193074466867
2020-02-26,1.648722379550016
2020-02-27,1.6512304671595164
2020-02-28,1.652542277637616
2020-03-02,1.6593747851773977
2020-03-03,1.662030932403116
2020-03-04,1.6635509066650056
2020-03-05,1.6592761420041802
2020-03-06,1.6763190759547895
2020-03-09,1.6930786259634671
2020-03-10,1.695601885330007
2020-03-11,1.6841118415210785
2020-03-12,1.6874752058379339
2020-03-13,1.6770984757337841
2020-03-16,1.6656328493503736
2020-03-17,1.6742076379010538
2020-03-18,1.6673090981307432
2020-03-19,1.6634561492467097
2020-03-20,1.6713395326035787
2020-03-23,1.6755558114078921
2020-03-24,1.6816767378210198
2020-03-25,1.6970618030492775
2020-03-26,1.6927899768127979
2020-03-27,1.695926146654229
2020-03-30,1.7089238562659579
2020-03-31,1.701293249769631
2020-04-01,1.7004269915019583
2020-04-02,1.708023793528846
2020-04-03,1.697759381131041
2020-04-06,1.6999677450710493
2020-04-07,1.6977772660261836
2020-04-08,1.6903348953009527
2020-04-09,1.700757777327548
2020-04-10,1.708823371746375
2020-04-13,1.713645397560991
2020-04-14,1.7199645591683543
2020-04-15,1.7167835666118363
2020-04-16,1.7175007152883082
2020-04-17,1.7107040791167942
2020-04-20,1.7175735101013105
2020-04-21,1.7100628372081124
2020-04-22,1.7060549297185452
2020-04-23,1.6975862057179067
2020-04-24,1.699681513957063
2020-04-27,1.6977348821098468
2020-04-28,1.7014064588859823
2020-04-29,1.6960188527800237
2020-04-30,1.6898708157620321
2020-05-01,1.693820752200608
2020-05-04,1.692937832426619
2020-05-05,1.7172443568412472
2020-05-06,1.7231022475430098
2020-05-07,1.7245753198293372
2020-05-08,1.736021333127257
2020-05-11,1.7449794108281647
2020-05-12,1.7468411280357483
2020-05-13,1.7737068367001454
2020-05-14,1.7842238673663198
2020-05-15,1.774556043301379
2020-05-18,1.7718605414932524
2020-05-19,1.7562626616213495
2020-05-20,1.7436663344602377
2020-05-21,1.7699382086114663
2020-05-22,1.782166068440271
2020-05-25,1.7674257267846827
2020-05-26,1.7676419772061394
2020-05-27,1.7647637351931666
2020-05-28,1.7884261617814967
2020-05-29,1.7676361041649993
2020-06-01,1.7622906792766195
2020-06-02,1.7570540790353175
2020-06-03,1.7510528503860125
2020-06-04,1.7535720881147252
2020-06-05,1.761623470935557
2020-06-08,1.7572975766553902
2020-06-09,1.7568850915495275
2020-06-10,1.7487618165823526
2020-06-11,1.7413851031036975
2020-06-12,1.745225830707587
2020-06-15,1.7505297585217003
2020-06-16,1.7346499855157953
2020-06-17,1.7285912784154462
2020-06-18,1.7260614798978688
2020-06-19,1.7229948309025014
2020-06-22,1.72097895329207
2020-06-23,1.6996475564381957
2020-06-24,1.7090167653080166
2020-06-25,1.7086142097566233
2020-06-26,1.7328594840852969
2020-06-29,1.7385627595815027
2020-06-30,1.7421493995107749
2020-07-01,1.7349445419903617
2020-07-02,1.7301592774165824
2020-07-03,1.7373609825773084
2020-07-06,1.735218679147734
2020-07-07,1.7294644686141951
2020-07-08,1.7460607145815212
2020-07-09,1.7495764277220685
2020-07-10,1.7567847192225634
2020-07-13,1.7543490674681312
2020-07-14,1.765311669940764
2020-07-15,1.7608955331531884
2020-07-16,1.7716408966772423
2020-07-17,1.7679350888476812
2020-07-20,1.782651717002706
2020-07-21,1.7946033034274411
2020-07-22,1.791113131589541
2020-07-23,1.811757306616329
2020-07-24,1.813343887451944
2020-07-27,1.82924286319605
2020-07-28,1.8192793043891213
2020-07-29,1.825969315746316
2020-07-30,1.8299112625549687
2020-07-31,1.8266476333711417
2020-08-03,1.8357242054413794
2020-08-04,1.8479860854526762
2020-08-05,1.8532456845961836
2020-08-06,1.8571927572103895
2020-08-07,1.8599625059517981
2020-08-10,1.8651416725968815
2020-08-11,1.8729085471709779
2020-08-12,1.880236993427141
2020-08-13,1.8862458396256652
2020-08-14,1.8823660821928674
2020-08-17,1.8921755143360306
2020-08-18,1.8979293444434155
2020-08-19,1.9019152487270452
2020-08-20,1.9001232341175434
2020-08-21,1.9098193385847064
2020-08-24,1.8906410172319683
2020-08-25,1.8904080498797478
2020-08-26,1.8870295544682079
2020-08-27,1.8828337759803528
2020-08-28,1.8806573233210258
2020-08-31,1.871239999138411
2020-09-01,1.8682967397869477
2020-09-02,1.8575922581030209
2020-09-03,1.861720520065834
2020-09-04,1.8707687961006085
2020-09-07,1.8808837532838163
2020-09-08,1.8863258269994991
2020-09-09,1.881318342840877
2020-09-10,1.871201699686248
2020-09-11,1.8653915328072885
2020-09-14,1.8627156730885543
2020-09-15,1.857123304758368
2020-09-16,1.879954630000979
2020-09-17,1.8868625039246758
2020-09-18,1.892609922135177
2020-09-21,1.895834726943321
2020-09-22,1.8913531813222157
2020-09-23,1.8929388532726494
2020-09-24,1.899817652450086
2020-09-25,1.9092641491967197
2020-09-28,1.9123880962776287
2020-09-29,1.9199684110021962
2020-09-30,1.9156506573645204
2020-10-01,1.9008926667061992
2020-10-02,1.9136770550386828
2020-10-05,1.908272352428274
2020-10-06,1.9028429275632315
2020-10-07,1.8947749466159776
2020-10-08,1.8979832090281843
2020-10-09,1.8931593038922832
2020-10-12,1.9075292509446002
2020-10-13,1.9217545112394605
2020-10-14,1.9257695024098176
2020-10-15,1.9193286711047965
2020-10-16,1.9374602157482284
2020-10-19,1.9489328490863713
2020-10-20,1.9427373484317128
2020-10-21,1.947143336382524
2020-10-22,1.9502356585581708
2020-10-23,1.9562740189807697
2020-10-26,1.9580148329957563
2020-10-27,1.9585348611737654
2020-10-28,1.98760627621853
2020-10-29,1.9938427913175338
2020-10-30,1.9876732622861701
2020-11-02,1.9841212527187528
2020-11-03,2.0032298380018148
2020-11-04,2.000708384762431
2020-11-05,1.9922738364273567
2020-11-06,1.9937878154434137
2020-11-09,1.9929376158499614
2020-11-10,2.0079179281130095
2020-11-11,2.02492967447666
2020-11-12,2.0230290270554234
2020-11-13,2.032521532165914
2020-11-16,2.0323300914471267
2020-11-17,2.0252989224325413
2020-11-18,2.0446311284114196
2020-11-19,2.0658020416002625
2020-11-20,2.0706887211457574
2020-11-23,2.0654795874692047
2020-11-24,2.056659134063294
2020-11-25,2.064774037712482
2020-11-26,2.079862610045079
2020-11-27,2.0828014193688014
2020-11-30,2.095702296781894
2020-12-01,2.0949901363106154
2020-12-02,2.090683311738135
2020-12-03,2.094947286500291
2020-12-04,2.075503038439123
2020-12-07,2.0720811588549313
2020-12-08,2.0822077504461287
2020-12-09,2.058588061586113
2020-12-10,2.0470195844625843
2020-12-11,2.0473049082458177
2020-12-14,2.036756487229349
2020-12-15,2.0335734727741532
2020-12-16,2.014545577701641
2020-12-17,2.0226504695111194
2020-12-18,2.035374610995154
2020-12-21,2.021595308801939
2020-12-22,2.0254163941380767
2020-12-23,2.025054971421954
2020-12-24,2.0313993050269707
2020-12-25,2.0480443483804485
2020-12-28,2.03802378563232
2020-12-29,2.052531878175707
2020-12-30,2.0715707212000947
2020-12-31,2.055315909184938
2021-01-01,2.067176704347651
2021-01-04,2.0600018295726166
2021-01-05,2.06828518648049
2021-01-06,2.0618809175096766
2021-01-07,2.0578893983228568
2021-01-08,2.052914791291284
2021-01-11,2.0447325702551797
2021-01-12,2.054075238629098
2021-01-13,2.0607360766645217
2021-01-14,2.0676772517054274
2021-01-15,2.065576117488564
2021-01-18,2.0645165573384006
2021-01-19,2.070084308525314
2021-01-20,2.0634290959944592
2021-01-21,2.0600605351133283
2021-01-22,2.0712652033238292
2021-01-25,2.0769811068410315
2021-01-26,2.090699495500581
2021-01-27,2.065960317257604
2021-01-28,2.082801202497627
2021-01-29,2.094127608964934
2021-02-01,2.105710244054806
2021-02-02,2.0904278916620265
2021-02-03,2.0863381912894763
2021-02-04,2.083583539371053
2021-02-05,2.087013393554543
2021-02-08,2.107234463174654
2021-02-09,2.111098288641325
2021-02-10,2.1251819193928463
2021-02-11,2.141702389779462
2021-02-12,2.150817961644339
2021-02-15,2.1549611482583533
2021-02-16,2.170042547961536
2021-02-17,2.154670353120803
2021-02-18,2.1632064339152115
2021-02-19,2.1815109256088188
2021-02-22,2.184835588933823
2021-02-23,2.1929797347310123
2021-02-24,2.2059105479290992
2021-02-25,2.2034694848318357
2021-02-26,2.238342775051472
2021-03-01,2.226542796325489
2021-03-02,2.2073008693891647
2021-03-03,2.21664233876534
2021-03-04,2.2113299227809606
2021-03-05,2.214780031949241
2021-03-08,2.219274442891167
2021-03-09,2.225650984924863
2021-03-10,2.212429799112777
2021-03-11,2.2055533657843096
2021-03-12,2.2194718011139805
2021-03-15,2.2147799799486916
2021-03-16,2.214732778678247
2021-03-17,2.209524140805458
2021-03-18,2.2159543150213894
2021-03-19,2.212275565764795
2021-03-22,2.2311985661221843
2021-03-23,2.2233700334923756
2021-03-24,2.2083129458692494
2021-03-25,2.195888449762002
2021-03-26,2.209325578881902
2021-03-29,2.196768605490846
2021-03-30,2.182628358517924
2021-03-31,2.1917755202389535
2021-04-01,2.2123163408037074
2021-04-02,2.2368511155407718
2021-04-05,2.2362656011475712
2021-04-06,2.202675762312327
2021-04-07,2.2014107470536493
2021-04-08,2.2157150403723285
2021-04-09,2.2049130079074697
2021-04-12,2.199532817259329
2021-04-13,2.2038707816713043
2021-04-14,2.2179368354748528
2021-04-15,2.2080924449932255
2021-04-16,2.220928646428413
2021-04-19,2.229786460053102
2021-04-20,2.227906155566962
2021-04-21,2.237510210600722
2021-04-22,2.2497908494941226
2021-04-23,2.269425379809122
2021-04-26,2.2876203625880103
2021-04-27,2.2756231983073207
2021-04-28,2.282097445094527
2021-04-29,2.2826478458048016
2021-04-30,2.2878832895185024
2021-05-03,2.289451914191563
2021-05-04,2.2923432060430784
2021-05-05,2.2932347493847263
2021-05-06,2.287116656929667
2021-05-07,2.290933296380858
2021-05-10,2.3025298311997235
2021-05-11,2.3014158702745267
2021-05-12,2.296505074605103
2021-05-13,2.299991461969021
2021-05-14,2.305354692718265
2021-05-17,2.298458775925065
2021-05-18,2.2948686087268255
2021-05-19,2.282976804751801
2021-05-20,2.2878218198418794
2021-05-21,2.2851118822863627
2021-05-24,2.301882101921028
2021-05-25,2.3089773359811723
2021-05-26,2.3180308290453078
2021-05-27,2.3209662103956177
2021-05-28,2.332303742718042
2021-05-31,2.314484594769063
2021-06-01,2.315371444186108
2021-06-02,2.3128638283530787
2021-06-03,2.3272140852908985
2021-06-04,2.3134741521660938
2021-06-07,2.3171879940300983
2021-06-08,2.3332401161911562
2021-06-09,2.3332896029808414
2021-06-10,2.333275834636291
2021-06-11,2.3377067342866433
2021-06-14,2.3363924396912212
2021-06-15,2.34231230971974
2021-06-16,2.3564980478085973
2021-06-17,2.3615082911631284
2021-06-18,2.3624508234093193
2021-06-21,2.373020719068788
2021-06-22,2.3923548798028325
2021-06-23,2.385836459254891
2021-06-24,2.4097212646094355
2021-06-25,2.4039869097773794
2021-06-28,2.40972287390512
2021-06-29,2.4148895472487157
2021-06-30,2.420771999373136
2021-07-01,2.402109371449948
2021-07-02,2.388408930390934
2021-07-05,2.3848515624160527
2021-07-06,2.378175814943626
2021-07-07,2.3854550923105626
2021-07-08,2.400842326274824
2021-07-09,2.3773206835895198
2021-07-12,2.364671509596598
2021-07-13,2.3593847933743946
2021-07-14,2.3471053208037405
2021-07-15,2.344140001610067
2021-07-16,2.335018502646608
2021-07-19,2.3416641550899597
2021-07-20,2.374381835611178
2021-07-21,2.365162004724962
2021-07-22,2.380931345703157
2021-07-23,2.4132454194179616
2021-07-26,2.4060906909126407
2021-07-27,2.4329988989554163
2021-07-28,2.423265738265475
2021-07-29,2.4391733447158725
2021-07-30,2.430296532692469
2021-08-02,2.4085916473036
2021-08-03,2.4219608910052512
2021-08-04,2.429113549671002
2021-08-05,2.428964456741227
2021-08-06,2.4096950227610776
2021-08-09,2.4263495624493396
2021-08-10,2.4403198913447173
2021-08-11,2.418821546333766
2021-08-12,2.4222859969157815
2021-08-13,2.4296715035148364
2021-08-16,2.416565767370842
2021-08-17,2.429408427136473
2021-08-18,2.460476745562078
2021-08-19,2.4744319410062374
2021-08-20,2.4968492743874298
2021-08-23,2.508831193177356
2021-08-24,2.495365613112531
2021-08-25,2.506544058819453
2021-08-26,2.490793763378795
2021-08-27,2.484941697931679
2021-08-30,2.482338641511685
2021-08-31,2.478328904379714
2021-09-01,2.4689265914418916
2021-09-02,2.4662134828036577
2021-09-03,2.465104074456296
2021-09-06,2.481375448555271
2021-09-07,2.487079126886163
2021-09-08,2.4998210160367766
2021-09-09,2.4972825994023093
2021-09-10,2.509739538786258
2021-09-13,2.4859532889817215
2021-09-14,2.470433577084889
2021-09-15,2.4832793864525513
2021-09-16,2.476284142783758
2021-09-17,2.4779960356441038
2021-09-20,2.449411134287649
2021-09-21,2.445108815333518
2021-09-22,2.430215610554078
2021-09-23,2.422327730055543
2021-09-24,2.42418085116591
2021-09-27,2.4257848164477367
2021-09-28,2.423215545805323
2021-09-29,2.434525180192403
2021-09-30,2.4295442850361635
2021-10-01,2.4267091484426726
2021-10-04,2.4125663777528783
2021-10-05,2.4275692018956008
2021-10-06,2.4180732034623267
2021-10-07,2.4013741968875197
2021-10-08,2.3871521608907997
2021-10-11,2.3898566611697807
2021-10-12,2.3890770087475337
2021-10-13,2.386766548480958
2021-10-14,2.3991129875102772
2021-10-15,2.3876750904647834
2021-10-18,2.3939406470988303
2021-10-19,2.3954322177551384
2021-10-20,2.4006746837135275
2021-10-21,2.4023988092089557
2021-10-22,2.393758730521771
2021-10-25,2.367486551907214
2021-10-26,2.3774562375978565
2021-10-27,2.3777100650133622
2021-10-28,2.3795197829568044
2021-10-29,2.379516585233359
2021-11-01,2.362247150047469
2021-11-02,2.365278655470581
2021-11-03,2.365988085341216
2021-11-04,2.365493123066067
2021-11-05,2.3861474376556515
2021-11-08,2.387960204950185
2021-11-09,2.3868314722657162
2021-11-10,2.385376078336121
2021-11-11,2.3729651711738784
2021-11-12,2.3749762688371314
2021-11-15,2.378544908514345
2021-11-16,2.3710243138233595
2021-11-17,2.3801971022511923
2021-11-18,2.3863461352314914
2021-11-19,2.385336191246115
2021-11-22,2.3955801135146624
2021-11-23,2.3913298376934473
2021-11-24,2.4012285240332627
2021-11-25,2.3957196146617914
2021-11-26,2.4150098598950547
2021-11-29,2.4083150073038664
2021-11-30,2.406782852795284
2021-12-01,2.396724444507045
2021-12-02,2.403664990366687
2021-12-03,2.390356148814502
2021-12-06,2.3893122173020007
2021-12-07,2.3731559178955646
2021-12-08,2.3798841682889287
2021-12-09,2.387267400604735
2021-12-10,2.389115163201082
2021-12-13,2.383145936222688
2021-12-14,2.3917743021852873
2021-12-15,2.3808642297915346
2021-12-16,2.372367927707933
2021-12-17,2.3809147971896483
2021-12-20,2.3877549735992183
2021-12-21,2.3946639481953826
2021-12-22,2.422535306444537
2021-12-23,2.4249672815090517
2021-12-24,2.420481459238203
2021-12-27,2.419124535349803
2021-12-28,2.3940952278531578
2021-12-29,2.399082884196503
2021-12-30,2.4163941342717714
2021-12-31,2.4125629596096405
2022-01-03,2.4287344879421786
2022-01-04,2.417324147141885
2022-01-05,2.4082915599769747
2022-01-06,2.39924641264674
2022-01-07,2.382040837615343
2022-01-10,2.3997634850177443
2022-01-11,2.4063047328488123
2022-01-12,2.4141383704514827
2022-01-13,2.4057586311147903
2022-01-14,2.4157029467027207
2022-01-17,2.4099330185622247
2022-01-18,2.404731739689072
2022-01-19,2.417986399399091
2022-01-20,2.4081185185202942
2022-01-21,2.3964599385301475
2022-01-24,2.383433095039914
2022-01-25,2.382047390189254
2022-01-26,2.406965118574188
2022-01-27,2.4041982825895056
2022-01-28,2.3862685818731655
2022-01-31,2.380166641647179
2022-02-01,2.38614740244277
2022-02-02,2.4110337702636926
2022-02-03,2.443529235072682
2022-02-04,2.4051256752713708
2022-02-07,2.4122426757496163
2022-02-08,2.394437143774291
2022-02-09,2.406591097496642
2022-02-10,2.376278688157851
2022-02-11,2.3577820244835626
2022-02-14,2.347831702329404
2022-02-15,2.351805718709731
2022-02-16,2.338651545708575
2022-02-17,2.3197129749648924
2022-02-18,2.28498878927131
2022-02-21,2.2675036320469784
2022-02-22,2.271434067475047
2022-02-23,2.2882791590039457
2022-02-24,2.264707718334663
2022-02-25,2.242864641351779
2022-02-28,2.2245686456563454
2022-03-01,2.216067838224833
2022-03-02,2.2124251788495166
2022-03-03,2.2010380636215627
2022-03-04,2.170082095596526
2022-03-07,2.132709492427007
2022-03-08,2.118947148641638
2022-03-09,2.120483459086776
2022-03-10,2.1142224902630753
2022-03-11,2.132797588192148
2022-03-14,2.103722228920864
2022-03-15,2.0989155188225253
2022-03-16,2.113108050106651
2022-03-17,2.1023495757522963
2022-03-18,2.0772433392174268
2022-03-21,2.031685840475033
2022-03-22,2.0210594262519104
2022-03-23,2.0077525360850164
2022-03-24,1.9926010908427059
2022-03-25,1.9908015076581698
2022-03-28,2.0101306929716825
2022-03-29,1.9847733917082173
2022-03-30,1.9654723423253024
2022-03-31,1.957548985630531
2022-04-01,1.9615537622266048
2022-04-04,1.950385292552985
2022-04-05,1.9524957137645194
2022-04-06,1.9269644233785035
2022-04-07,1.9218253617075651
2022-04-08,1.915872744656292
2022-04-11,1.9311570714803972
2022-04-12,1.940697647097314
2022-04-13,1.9364305732374105
2022-04-14,1.9177396198318433
2022-04-15,1.8806554716331294
2022-04-18,1.863362662773367
2022-04-19,1.8862905971055142
2022-04-20,1.8567031779346703
2022-04-21,1.839257404998856
2022-04-22,1.8353843375531158
2022-04-25,1.8461431133720683
2022-04-26,1.824079722004816
2022-04-27,1.824533391905699
2022-04-28,1.809012225708503
2022-04-29,1.78814997838718
2022-05-02,1.775335178663119
2022-05-03,1.7694474991069782
2022-05-04,1.7484196199275066
2022-05-05,1.7568268148936534
2022-05-06,1.7693834520860683
2022-05-09,1.755277832721584
2022-05-10,1.7595754705128768
2022-05-11,1.7354862310030585
2022-05-12,1.728037142889153
2022-05-13,1.7329834926855026
2022-05-16,1.736484728284309
2022-05-17,1.7330458961743376
2022-05-18,1.7423991094795377
2022-05-19,1.7281885666841965
2022-05-20,1.7240673376307734
2022-05-23,1.719526726117465
2022-05-24,1.7194275146446931
2022-05-25,1.721559929149651
2022-05-26,1.700791237312974
2022-05-27,1.7038202192371492
2022-05-30,1.684326278394238
2022-05-31,1.690126349170951
2022-06-01,1.7057769243352852
2022-06-02,1.6946778674331855
2022-06-03,1.678449876735295
2022-06-06,1.6929523084051383
2022-06-07,1.6870768848281148
2022-06-08,1.6661309312342276
2022-06-09,1.6504098451016795
2022-06-10,1.6354685048947633
2022-06-13,1.6443534258205688
2022-06-14,1.6277749547604043
2022-06-15,1.5962090944026424
2022-06-16,1.590860528273253
2022-06-17,1.5893753059937346
2022-06-20,1.5909698135365593
2022-06-21,1.5559997123187947
2022-06-22,1.5493253969229
2022-06-23,1.540009357819018
2022-06-24,1.5399132985564175
2022-06-27,1.5138820237939297
2022-06-28,1.5109330307054818
2022-06-29,1.5083198116851386
2022-06-30,1.5157821057951142
2022-07-01,1.514988054975012
2022-07-04,1.5178196198771565
2022-07-05,1.5001158121044214
2022-07-06,1.4944865923352395
2022-07-07,1.5036216517748393
2022-07-08,1.4938552681072836
2022-07-11,1.497461983548787
2022-07-12,1.4828109999174337
2022-07-13,1.4759311202229128
2022-07-14,1.4547349880451887
2022-07-15,1.4494343973418613
2022-07-18,1.4364912530103244
2022-07-19,1.4436384080922318
2022-07-20,1.4598011059390923
2022-07-21,1.437718584828745
2022-07-22,1.4208902544154973
2022-07-25,1.42575736854609
2022-07-26,1.4137767879467718
2022-07-27,1.4086407930912812
2022-07-28,1.4192593776439584
2022-07-29,1.4302377290751735
2022-08-01,1.412825884226908
2022-08-02,1.4276437695575326
2022-08-03,1.4300075972628432
2022-08-04,1.4357361550853798
2022-08-05,1.4246620404434531
2022-08-08,1.4126575291113541
2022-08-09,1.391136169900452
2022-08-10,1.374799230143716
2022-08-11,1.3772263430635578
2022-08-12,1.377496014301478
2022-08-15,1.380924025916414
2022-08-16,1.3790207252625293
2022-08-17,1.3746196861747404
2022-08-18,1.3636943700399042
2022-08-19,1.356860348419209
2022-08-22,1.3612805085564332
2022-08-23,1.3649333144043652
2022-08-24,1.3632147927012035
2022-08-25,1.3501449267194747
2022-08-26,1.3415076028423174
2022-08-29,1.3247665993406699
2022-08-30,1.3174430025632693
2022-08-31,1.2980588072703123
2022-09-01,1.291073366867331
2022-09-02,1.2811423583964228
2022-09-05,1.2771655000372009
2022-09-06,1.2663463615197237
2022-09-07,1.2690236364664567
2022-09-08,1.2506052449391276
2022-09-09,1.2328881620804926
2022-09-12,1.2268485601958843
2022-09-13,1.2254267744595637
2022-09-14,1.2182141169327956
2022-09-15,1.2117629127186424
2022-09-16,1.2089205282317046
2022-09-19,1.2094989085767296
2022-09-20,1.2022523596502053
2022-09-21,1.2002412872284147
2022-09-22,1.2049012552700529
2022-09-23,1.1897411812748657
2022-09-26,1.1967054124778422
2022-09-27,1.2030732648899471
2022-09-28,1.192421498449286
2022-09-29,1.1931893822820014
2022-09-30,1.1768016586124073
2022-10-03,1.1757553021835963
2022-10-04,1.1834617395309495
2022-10-05,1.17124737785631
2022-10-06,1.1615110237333022
2022-10-07,1.1609636153691925
2022-10-10,1.1546629822377927
2022-10-11,1.1527442119260825
2022-10-12,1.1690079451274031
2022-10-13,1.1621066139928664
2022-10-14,1.145865222377184
2022-10-17,1.1371362246725654
2022-10-18,1.1351974484771608
2022-10-19,1.1216244507675552
2022-10-20,1.1128881574721692
2022-10-21,1.1187707655815642
2022-10-24,1.1281951824997547
2022-10-25,1.1216966561300987
2022-10-26,1.1154427650579357
2022-10-27,1.1025165170665931
2022-10-28,1.1011672457564152
2022-10-31,1.1162864255299294
2022-11-01,1.1100569204109167
2022-11-02,1.1041361262292586
2022-11-03,1.1046596882706774
2022-11-04,1.0978515199149723
2022-11-07,1.0912198520172933
2022-11-08,1.0985005134535388
2022-11-09,1.0852647373824045
2022-11-10,1.073783699248601
2022-11-11,1.0754013493814554
2022-11-14,1.071048238768126
2022-11-15,1.0597706627196208
2022-11-16,1.0587499572681491
2022-11-17,1.0531009379158873
2022-11-18,1.0512043598406338
2022-11-21,1.0459701803621964
2022-11-22,1.0319968989205799
2022-11-23,1.036553635500251
2022-11-24,1.0457234526062498
2022-11-25,1.0358447451456632
2022-11-28,1.0444147835809965
2022-11-29,1.0405069929456994
2022-11-30,1.0153206691480914
2022-12-01,1.0152958268545431
2022-12-02,0.9966029317427157
2022-12-05,0.9902036519020593
2022-12-06,0.9921302249941777
2022-12-07,0.9924531259045909
2022-12-08,0.9844692446532929
2022-12-09,0.9858419072931321
2022-12-12,0.9891049628525466
2022-12-13,0.9819646713569877
2022-12-14,0.9766741234904458
2022-12-15,0.9751051712446654
2022-12-16,0.9642783671055329
2022-12-19,0.9559175177050977
2022-12-20,0.9597357828035827
2022-12-21,0.9722922262314991
2022-12-22,0.9735106292557084
2022-12-23,0.972393671312312
2022-12-26,0.9819295515625488
2022-12-27,0.972618389854616
2022-12-28,0.9702625820720727
2022-12-29,0.9729794601372399
2022-12-30,0.9644049318390319
2023-01-02,0.9504434323103219
2023-01-03,0.9530668437797641
2023-01-04,0.9565609191143257
2023-01-05,0.9593386646081448
2023-01-06,0.9622436327028422
2023-01-09,0.9599597127782199
2023-01-10,0.958037601517256
2023-01-11,0.9567046732128844
2023-01-12,0.9612558009009722
2023-01-13,0.9602514182566557
2023-01-16,0.9579493664335963
2023-01-17,0.9597409595530341
2023-01-18,0.9620730511397921
2023-01-19,0.957171849490624
2023-01-20,0.964008143685969
2023-01-23,0.9610077553000209
2023-01-24,0.9615443162125565
2023-01-25,0.9572239477391362
2023-01-26,0.9564450005773748
2023-01-27,0.9592010893066237
2023-01-30,0.960891981248258
2023-01-31,0.9585061839753818
2023-02-01,0.9554023083313004
2023-02-02,0.9568345937000493
2023-02-03,0.9621959419912866
2023-02-06,0.9692885767172172
2023-02-07,0.9792450893434516
2023-02-08,0.9760049284207377
2023-02-09,0.9724413954262249
2023-02-10,0.9720616121382145
2023-02-13,0.9714074411028139
2023-02-14,0.9646491043683563
2023-02-15,0.9688951365883863
2023-02-16,0.9653343135801702
2023-02-17,0.9624072416532713
2023-02-20,0.9646728316033837
2023-02-21,0.9591033669937966
2023-02-22,0.958079592046683
2023-02-23,0.9618200523902865
2023-02-24,0.9622504198179299
2023-02-27,0.9660365396180601
2023-02-28,0.9709727725333033
2023-03-01,0.9707556314873907
2023-03-02,0.9546807410008014
2023-03-03,0.9607375505009831
2023-03-06,0.9607023290962605
2023-03-07,0.9646924584495998
2023-03-08,0.9714795550910693
2023-03-09,0.9628070903616693
2023-03-10,0.9629802623300882
2023-03-13,0.9706049514224516
2023-03-14,0.9697981235377927
2023-03-15,0.9747244121955975
2023-03-16,0.9695826632102703
2023-03-17,0.9720972833882322
2023-03-20,0.9662105021576588
2023-03-21,0.9707579590357143
2023-03-22,0.9687572537613639
2023-03-23,0.9758755134651486
2023-03-24,0.9832241257358921
2023-03-27,0.9804513545281146
2023-03-28,0.9888809841595949
2023-03-29,0.9861810187943025
2023-03-30,0.9897278739600821
2023-03-31,0.9897673213222214
2023-04-03,0.987875720491929
2023-04-04,0.9920328513450639
2023-04-05,0.9896930039380984
2023-04-06,0.9870840732951276
2023-04-07,0.9873095765787574
2023-04-10,0.9919911066003644
2023-04-11,0.9933615561169412
2023-04-12,0.9917784230297261
2023-04-13,0.9894308218092881
2023-04-14,0.9885963090465582
2023-04-17,0.9914892075732892
2023-04-18,0.9863646907059807
2023-04-19,0.9833003018524121
2023-04-20,0.9873779180640802
2023-04-21,0.9834924211394162
2023-04-24,0.9808581745082519
2023-04-25,0.9809027246832431
2023-04-26,0.97711202006821
2023-04-27,0.9750607213777402
2023-04-28,0.9759032689158021
2023-05-01,0.9796010514725769
2023-05-02,0.9760525635381395
2023-05-03,0.9722413428795552
2023-05-04,0.9779770505325761
2023-05-05,0.9750039785954514
2023-05-08,0.9715484933433278
2023-05-09,0.9620448581676447
2023-05-10,0.967562307883545
2023-05-11,0.974407772466427
2023-05-12,0.9745073185298311
2023-05-15,0.9756558942729044
2023-05-16,0.9758554528674201
2023-05-17,0.9707065429829753
2023-05-18,0.9739119437589031
2023-05-19,0.9807626782364841
2023-05-22,0.9809485394154827
2023-05-23,0.9846454901115304
2023-05-24,0.9805277720244536
2023-05-25,0.9759879732769973
2023-05-26,0.9784653753871276
2023-05-29,0.9861248316249649
2023-05-30,0.9833356790635197
2023-05-31,0.9826391137976117
2023-06-01,0.9854180194046894
2023-06-02,0.9834197749047467
2023-06-05,0.9860043059904899
2023-06-06,0.9815098765779071
2023-06-07,0.9838424148638105
2023-06-08,0.9828987223984533
2023-06-09,0.9752454248092356
2023-06-12,0.9704117343635053
2023-06-13,0.9721972854947831
2023-06-14,0.978982427486884
2023-06-15,0.97276059681844
2023-06-16,0.9779073234061081
2023-06-19,0.9801370269750875
2023-06-20,0.9850361711822827
2023-06-21,0.9844744310269606
2023-06-22,0.9877747204193372
2023-06-23,0.9971069604693484
2023-06-26,0.9982577987325965
2023-06-27,0.9935757393340579
2023-06-28,1.000976557897307
2023-06-29,1.0038309449171448
2023-06-30,1.0052605496045008
2023-07-03,1.0144565454604668
2023-07-04,1.021797288927153
2023-07-05,1.024452220919792
2023-07-06,1.0200279898301483
2023-07-07,1.0183561681068354
2023-07-10,1.0195309473997887
2023-07-11,1.019594673155807
2023-07-12,1.0173830247727353
2023-07-13,1.0166004889242564
2023-07-14,1.0221473174572648
2023-07-17,1.0234090534306448
2023-07-18,1.0212062310558776
2023-07-19,1.0247697777996694
2023-07-20,1.0278475500238304
2023-07-21,1.0278664627166993
2023-07-24,1.0223721121209313
2023-07-25,1.021962824505231
2023-07-26,1.022114332104307
2023-07-27,1.026824548042508
2023-07-28,1.0233574371081
2023-07-31,1.0221465728744803
2023-08-01,1.0302115931197886
2023-08-02,1.0291916156938985
2023-08-03,1.0292498213372965
2023-08-04,1.0388525159603552
2023-08-07,1.0344130558635685
2023-08-08,1.041426929648473
2023-08-09,1.039644435324146
2023-08-10,1.040981024759842
2023-08-11,1.0427110258633658
2023-08-14,1.0417058019186605
2023-08-15,1.0370109664702787
2023-08-16,1.033793254888191
2023-08-17,1.0329473853763187
2023-08-18,1.0291157344511055
2023-08-21,1.02929434468327
2023-08-22,1.02559705114103
2023-08-23,1.021194929039019
2023-08-24,1.0133154034978784
2023-08-25,1.0220535260980612
2023-08-28,1.02175533367711
2023-08-29,1.0185177951930506
2023-08-30,1.0137316042389042
2023-08-31,1.011170408138551
2023-09-01,1.0019526873257878
2023-09-04,0.9991439152099413
2023-09-05,1.0028841704182938
2023-09-06,0.999844120592877
2023-09-07,1.00313256299766
2023-09-08,1.0079279702138175
2023-09-11,1.0113743512395812
2023-09-12,1.0117493855078228
2023-09-13,1.017896209046423
2023-09-14,1.0238207006496807
2023-09-15,1.0204070103827279
2023-09-18,1.0161923486867521
2023-09-19,1.014156227762768
2023-09-20,1.0127832356038082
2023-09-21,1.0189197516768598
2023-09-22,1.023191205996182
2023-09-25,1.0240873017682572
2023-09-26,1.0251689750425828
2023-09-27,1.0197834285937002
2023-09-28,1.02559415955158
2023-09-29,1.0267149046302964
2023-10-02,1.0215400369121868
2023-10-03,1.013142353781469
2023-10-04,1.006905102415076
2023-10-05,1.0074775193088417
2023-10-06,0.9948555769200311
2023-10-09,0.9892423013250845
2023-10-10,0.9918173307542124
2023-10-11,0.9898500131011899
2023-10-12,0.9812616666035742
2023-10-13,0.9783604663573771
2023-10-16,0.9780784383065882
2023-10-17,0.9828677401381634
2023-10-18,0.9852976836345112
2023-10-19,0.9875570425778339
2023-10-20,0.9913080932337708
2023-10-23,0.9832058111230187
2023-10-24,0.9895204689442503
2023-10-25,0.9958887613432943
2023-10-26,0.9930399926768121
2023-10-27,0.9783650082772839
2023-10-30,0.9850641981067886
2023-10-31,0.971710398637461
2023-11-01,0.9737431888893917
2023-11-02,0.9717426501553661
2023-11-03,0.9690146470153068
2023-11-06,0.9671147583721765
2023-11-07,0.9679496404203067
2023-11-08,0.9577666643375708
2023-11-09,0.9570449301937789
2023-11-10,0.9504034684290827
2023-11-13,0.9481988986652632
2023-11-14,0.949156214591584
2023-11-15,0.9535036376377134
2023-11-16,0.9501901233646277
2023-11-17,0.9588858630156533
2023-11-20,0.9547937301323169
2023-11-21,0.9508421128210748
2023-11-22,0.9559221212839737
2023-11-23,0.9549291422691143
2023-11-24,0.9559810598908652
2023-11-27,0.9538347204592579
2023-11-28,0.9522427876252196
2023-11-29,0.9540983846197953
2023-11-30,0.9603532430082187
2023-12-01,0.9612184656416919
2023-12-04,0.9634713810479489
2023-12-05,0.9683929707104193
2023-12-06,0.9663344450326787
2023-12-07,0.9617963288651644
2023-12-08,0.9570632562848957
2023-12-11,0.953014814434288
2023-12-12,0.9482310344616984
2023-12-13,0.9536347895321716
2023-12-14,0.9448408735487706
2023-12-15,0.9478207546808717
2023-12-18,0.9422043929181845
2023-12-19,0.9508314688652606
2023-12-20,0.9529352827106039
2023-12-21,0.9489511846573798
2023-12-22,0.946570978611495
2023-12-25,0.9463634988509121
2023-12-26,0.9495605074335023
2023-12-27,0.9513453334423212
2023-12-28,0.9514714887583434
2023-12-29,0.9482988619190595
2024-01-01,0.947114239743873
2024-01-02,0.9536583805707742
2024-01-03,0.9639960959206062
2024-01-04,0.9695035778507298
2024-01-05,0.9650626460428173
2024-01-08,0.9721688148689949
2024-01-09,0.9707558902069297
2024-01-10,0.970965670269418
2024-01-11,0.9650318796974009
2024-01-12,0.9657729812111341
2024-01-15,0.9621750194811906
2024-01-16,0.968985156571444
2024-01-17,0.9815054833126059
2024-01-18,0.981693927733512
2024-01-19,0.9842324327710316
2024-01-22,0.9829149448061211
2024-01-23,0.9837011016851334
2024-01-24,0.980989625502536
2024-01-25,0.9827128391291147
2024-01-26,0.9848836746505868
2024-01-29,0.9865520420240234
2024-01-30,0.9904323406841187
2024-01-31,0.98882601395887
2024-02-01,1.0023227094614284
2024-02-02,0.9992530237363864
2024-02-05,0.9961405047389155
2024-02-06,0.983809219026801
2024-02-07,0.9877387759543532
2024-02-08,0.9738105286640402
2024-02-09,0.9723415859619956
2024-02-12,0.9688796002374306
2024-02-13,0.9621037868324986
2024-02-14,0.962604234447977
2024-02-15,0.9713023084092732
2024-02-16,0.975041626730224
2024-02-19,0.9715172121842967
2024-02-20,0.9813788109829855
2024-02-21,0.9779791002649275
2024-02-22,0.9835222460832006
2024-02-23,0.9751738436376257
2024-02-26,0.9742363616602386
2024-02-27,0.9686410346889263
2024-02-28,0.9788963518198803
2024-02-29,0.9757037181339556
2024-03-01,0.9709179534660232
2024-03-04,0.973370209595881
2024-03-05,0.9723499423596391
2024-03-06,0.98298236228375
2024-03-07,0.9846965123299598
2024-03-08,0.985215251341882
2024-03-11,0.9889611402508842
2024-03-12,0.9880621730997239
2024-03-13,0.9894354509536063
2024-03-14,0.9854897495997944
2024-03-15,0.9826226895861321
2024-03-18,0.978329450752238
2024-03-19,0.9804342041128912
2024-03-20,0.9773692507984398
2024-03-21,0.9813751572621228
2024-03-22,0.9773242600701335
2024-03-25,0.9727945005998533
2024-03-26,0.9741493353923747
2024-03-27,0.9750190015445663
2024-03-28,0.979391700102527
2024-03-29,0.973797674474139
2024-04-01,0.9665017370157072
2024-04-02,0.9725720001646183
2024-04-03,0.9661808028914836
2024-04-04,0.9703826096385925
2024-04-05,0.9591667883946081
2024-04-08,0.9620825272157526
2024-04-09,0.9622209325528649
2024-04-10,0.9643607252449383
2024-04-11,0.9682538207177853
2024-04-12,0.9730335412552453
2024-04-15,0.9754904888784119
2024-04-16,0.9797581473297604
2024-04-17,0.9854555512175021
2024-04-18,0.9919315789641597
2024-04-19,0.9947019667783734
2024-04-22,0.9901897746038422
2024-04-23,0.9891437286739122
2024-04-24,0.988850830743334
2024-04-25,0.9856875599466286
2024-04-26,0.9802351546667863
2024-04-29,0.9849658821860913
2024-04-30,0.9866417297320618
2024-05-01,0.9835398204442429
2024-05-02,0.9839219101854165
2024-05-03,0.9855985057745912
2024-05-06,0.9801108440589071
2024-05-07,0.9763947458304103
2024-05-08,0.9750569980828078
2024-05-09,0.9744968149998448
2024-05-10,0.966919497076519
2024-05-13,0.9707192085428926
2024-05-14,0.9710648256673238
2024-05-15,0.970053433686616
2024-05-16,0.9667805598527532
2024-05-17,0.9620757630626935
2024-05-20,0.9623444215502803
2024-05-21,0.9632952571408894
2024-05-22,0.9729743851233061
2024-05-23,0.9831878939070365
2024-05-24,0.9807582932857101
2024-05-27,0.9762530888328763
2024-05-28,0.9702682286121131
2024-05-29,0.9708880812975911
2024-05-30,0.965024996839658
2024-05-31,0.9585617512719118
2024-06-03,0.9552336475994846
2024-06-04,0.9525122623876174
2024-06-05,0.9491768794017452
2024-06-06,0.941689989438714
2024-06-07,0.9414500719827024
2024-06-10,0.9411255077170871
2024-06-11,0.947608545507465
2024-06-12,0.9419129924991697
2024-06-13,0.9445811808437898
2024-06-14,0.953199940478484
2024-06-17,0.9464486044182822
2024-06-18,0.9414775154619299
2024-06-19,0.9357443336518811
2024-06-20,0.9380228739940423
2024-06-21,0.9401219483041455
2024-06-24,0.944790597002674
2024-06-25,0.9453537349406527
2024-06-26,0.9540552018945841
2024-06-27,0.9568291207231173
2024-06-28,0.96304176756697
2024-07-01,0.9639807479502321
2024-07-02,0.9623142116196318
2024-07-03,0.9616559217660455
2024-07-04,0.9684462317703849
2024-07-05,0.972486750611156
2024-07-08,0.9762476974035875
2024-07-09,0.9812867459534902
2024-07-10,0.9827790199775002
2024-07-11,0.9968112481312494
2024-07-12,0.9958927373004341
2024-07-15,0.9966344613975388
2024-07-16,0.9945980411336232
2024-07-17,0.9972776798145463
2024-07-18,0.9887070631718168
2024-07-19,0.9742751983758517
2024-07-22,0.9713197241991014
2024-07-23,0.9743490262548601
2024-07-24,0.9795451656170704
2024-07-25,0.9735681907900315
2024-07-26,0.9656527638033345
2024-07-29,0.9623573072074062
2024-07-30,0.9589884997602004
2024-07-31,0.9602225791450595
2024-08-01,0.9610161176094822
2024-08-02,0.9682567902560152
2024-08-05,0.9664470539569782
2024-08-06,0.9602145907131107
2024-08-07,0.9618717618640044
2024-08-08,0.9574197077314431
2024-08-09,0.9530628279574396
2024-08-12,0.9613466060741901
2024-08-13,0.9660118529723137
2024-08-14,0.9641451009736292
2024-08-15,0.9731220216280247
2024-08-16,0.9773545786826442
2024-08-19,0.9794473948761742
2024-08-20,0.9763232928437233
2024-08-21,0.9664697899253697
2024-08-22,0.9625307090331506
2024-08-23,0.9603587460104615
2024-08-26,0.9548041333344592
2024-08-27,0.9555859340831148
2024-08-28,0.9460381218135792
2024-08-29,0.9525205392006938
2024-08-30,0.9505329603424278
2024-09-02,0.9542364264359247
2024-09-03,0.9578976790799766
2024-09-04,0.9521776305104832
2024-09-05,0.9440802245117501
2024-09-06,0.9412477205483489
2024-09-09,0.9432030927774929
2024-09-10,0.9440362393594928
2024-09-11,0.9497273330036136
2024-09-12,0.9517803596606025
2024-09-13,0.9541872183776273
2024-09-16,0.9505206606421635
2024-09-17,0.9494993106454193
2024-09-18,0.948605989016905
2024-09-19,0.9517264641263662
2024-09-20,0.9555002333994989
2024-09-23,0.9545808757665473
2024-09-24,0.9538189153713612
2024-09-25,0.9556856526093002
2024-09-26,0.9651124362018222
2024-09-27,0.9569128217504074
2024-09-30,0.9526838460886902
2024-10-01,0.9486675137162346
2024-10-02,0.9426150225019734
2024-10-03,0.9390541977209423
2024-10-04,0.9410117303317853
2024-10-07,0.9456500022072265
2024-10-08,0.946927555508808
2024-10-09,0.9481115005910961
2024-10-10,0.9439453842255285
2024-10-11,0.9315648719732638
2024-10-14,0.9334970071033574
2024-10-15,0.9399091180904784
2024-10-16,0.9446014074711713
2024-10-17,0.9443446612110503
2024-10-18,0.9448989493395069
2024-10-21,0.9517206587470941
2024-10-22,0.9485986892233941
2024-10-23,0.9466402136990291
2024-10-24,0.9383086282882825
2024-10-25,0.9406787099343809
2024-10-28,0.9385158995813009
2024-10-29,0.9373007052963526
2024-10-30,0.9406845554075713
2024-10-31,0.9373368796459879
2024-11-01,0.9398571120164255
2024-11-04,0.9426275222895247
2024-11-05,0.9411156551235428
2024-11-06,0.9452531409346094
2024-11-07,0.9449551323165476
2024-11-08,0.9485242789140568
2024-11-11,0.9457913442204473
2024-11-12,0.9487475067743452
2024-11-13,0.9472537866293765
2024-11-14,0.9490312432757706
2024-11-15,0.9508975845385432
2024-11-18,0.9491923295764972
2024-11-19,0.947350880333164
2024-11-20,0.9465352067010746
2024-11-21,0.9470639729682594
2024-11-22,0.9499707120335859
2024-11-25,0.9512880729671837
2024-11-26,0.9372164662714284
2024-11-27,0.9414127131342974
2024-11-28,0.9434987717712446
2024-11-29,0.9492439600022373
2024-12-02,0.953461639551157
2024-12-03,0.9516365255482655
2024-12-04,0.9462748529249074
2024-12-05,0.9550127817164743
2024-12-06,0.9613316422246817
2024-12-09,0.9651113442052239
2024-12-10,0.9614625958300104
2024-12-11,0.9553944553549711
2024-12-12,0.9535097401526947
2024-12-13,0.9577997634969106
2024-12-16,0.9464654772773148
2024-12-17,0.9432168395097139
2024-12-18,0.9560344424100783
2024-12-19,0.9545227151775354
2024-12-20,0.9548924312293945
2024-12-23,0.9549599556391556
2024-12-24,0.9633846297725156
2024-12-25,0.9620219356377242
2024-12-26,0.9535729633332859
2024-12-27,0.9586772113985039
2024-12-30,0.9537442818931213
2024-12-31,0.9468181404518728
2025-01-01,0.9542322393360152
2025-01-02,0.9579695224638416
2025-01-03,0.9564116581305144
2025-01-06,0.9621250331112127
2025-01-07,0.9670090040265972
2025-01-08,0.9639025807927925
2025-01-09,0.965013789973156
2025-01-10,0.964691149333002
2025-01-13,0.9616765162414707
2025-01-14,0.9620808515618333
2025-01-15,0.9659685922969674
2025-01-16,0.9616482972067822
2025-01-17,0.9657975274387501
2025-01-20,0.9570212890692906
2025-01-21,0.958264076190134
2025-01-22,0.9549272106380621
2025-01-23,0.9626513015693849
2025-01-24,0.9550859648843892
2025-01-27,0.9541335302746282
2025-01-28,0.9503531797291149
2025-01-29,0.9478463242056213
2025-01-30,0.9426431977028822
2025-01-31,0.9436444703948612
2025-02-03,0.9449051880434567
2025-02-04,0.9369259121652188
2025-02-05,0.9400333758218953
2025-02-06,0.9327672180864606
2025-02-07,0.9330902375941081
2025-02-10,0.9414977213566901
2025-02-11,0.9376374385917485
2025-02-12,0.9364233210005889
2025-02-13,0.9329174028265625
2025-02-14,0.9299745783690097
2025-02-17,0.9316038261113546
2025-02-18,0.9393047835860084
2025-02-19,0.9393278525173688
2025-02-20,0.9451175636787713
2025-02-21,0.9418779833487829
2025-02-24,0.9472864403578759
2025-02-25,0.9553514541116171
2025-02-26,0.9613627730577755
2025-02-27,0.9650622764429787
2025-02-28,0.9683034174434704
2025-03-03,0.9648241280644867
2025-03-04,0.9579009512026024
2025-03-05,0.9612771001378715
2025-03-06,0.9576928996128837
2025-03-07,0.9544994606883507
2025-03-10,0.9475928550084292
2025-03-11,0.9450610906677259
2025-03-12,0.9503838801369473
2025-03-13,0.9551180277371281
2025-03-14,0.949010944406517
2025-03-17,0.9446138903921576
2025-03-18,0.9362999771408227
2025-03-19,0.9381969943207171
2025-03-20,0.9392631589388941
2025-03-21,0.940731767129675
2025-03-24,0.9388345129734573
2025-03-25,0.9421073645644222
2025-03-26,0.9409269401128562
2025-03-27,0.9456194681085678
2025-03-28,0.9406298062155787
2025-03-31,0.944908927567454
2025-04-01,0.9471432034683918
2025-04-02,0.9504581163422213
2025-04-03,0.9491045677882747
2025-04-04,0.9576186788308747
2025-04-07,0.9543874138997187
2025-04-08,0.9654633157501373
2025-04-09,0.967813436428626
2025-04-10,0.9735512813195626
2025-04-11,0.9808281830701358
2025-04-14,0.9848456947135683
2025-04-15,0.9942810981061564
2025-04-16,0.999188729172807
2025-04-17,1.0030554884122012
2025-04-18,1.0056183095316782
2025-04-21,1.007748362454788
2025-04-22,1.0135926295350353
2025-04-23,1.0095556818786668
2025-04-24,1.008994446231886
2025-04-25,1.011766785322173
2025-04-28,1.0083001052007607
2025-04-29,1.0133698851177815
2025-04-30,1.012503745603253
2025-05-01,1.006239203773221
