Date,Returns
2025-05-16,
2025-05-15,-0.0027008777852801646
2025-05-14,0.02482509591514348
2025-05-13,-0.01563532261616396
2025-05-12,0.00044742729306501694
2025-05-09,-0.02034883720930236
2025-05-08,-0.0004565167769916556
2025-05-07,-0.0253482530258049
2025-05-06,0.007029053420805953
2025-05-05,0.011633317822242972
2025-05-02,-0.009429622815087302
2025-05-01,-0.021360575806826265
2025-04-30,-0.011387900355871894
2025-04-29,0.0009599232061436869
2025-04-28,0.008151522416686596
2025-04-25,0.011652794292508872
2025-04-24,0.014104372355430383
2025-04-23,0.016226240148354165
2025-04-22,0.0036496350364962904
2025-04-21,0.0036363636363636598
2025-04-17,-0.019021739130434923
2025-04-16,-0.012003693444136543
2025-04-15,0.013785046728971961
2025-04-14,0.010140585388338286
2025-04-11,0.02555327401323293
2025-04-10,-0.015795328142380383
2025-04-09,-0.022377938517179063
2025-04-08,-0.008323699421965425
2025-04-07,-0.020517603170902343
2025-04-04,-0.04808378957391091
2025-04-03,0.009252313078269347
2025-04-02,0.02205153617443023
2025-04-01,0.00848484848484854
2025-03-31,0.012019230769230616
2025-03-28,0.009738717339667469
2025-03-27,0.02564102564102555
2025-03-26,-0.0016055045871561369
2025-03-25,-0.008499885136687313
2025-03-24,0.005097312326228121
2025-03-21,-0.020516366989396184
2025-03-20,-0.0021181454459872073
2025-03-19,0.0014150943396227245
2025-03-18,0.008714083843617493
2025-03-17,0.00350221807144524
2025-03-14,0.0046533271288971
2025-03-13,-0.011347846225104097
2025-03-12,0.01077535722651679
2025-03-11,-0.007879490150637491
2025-03-10,-0.014716187806587233
2025-03-07,0.02038880986249425
2025-03-06,-0.005808550185873673
2025-03-05,0.0
2025-03-04,-0.008880579574667036
2025-03-03,-0.019570855930205022
2025-02-28,0.01058201058201047
2025-02-27,0.01499286054259863
2025-02-26,-0.002579132473622514
2025-02-25,0.010108133521391727
2025-02-24,0.023737491272981304
2025-02-21,0.007047056149124709
2025-02-20,0.017155756207674955
2025-02-19,0.006213936972924827
2025-02-18,0.003749448610498529
2025-02-14,-0.016260162601625994
2025-02-13,0.01228501228501222
2025-02-12,0.020520741394527864
2025-02-11,-0.019243243243243335
2025-02-10,-0.007936507936507797
2025-02-07,-0.0013333333333334085
2025-02-06,-0.01312861593235426
2025-02-05,-0.0027057497181509627
2025-02-04,0.020122089079809946
2025-02-03,0.008643617021276695
2025-01-31,-0.0019775873434411118
2025-01-30,-0.0050638485248788445
2025-01-29,0.0030980305377297235
2025-01-28,0.0
2025-01-27,0.0
2025-01-24,0.018310169865431103
2025-01-23,0.006282495667244259
2025-01-22,-0.007104413347685523
2025-01-21,-0.008673026886383384
2025-01-17,0.010936132983377034
2025-01-16,-0.002379922111639954
2025-01-15,0.009325525916287214
2025-01-14,0.029651912333476638
2025-01-13,-0.0006260434056761799
2025-01-10,-0.005637920233869331
2025-01-09,-0.015539689206215845
2025-01-08,0.0008532423208191808
2025-01-07,-0.0017050298380221207
2025-01-06,-0.013023057216054679
2025-01-03,-0.0047588146225395755
2025-01-02,-0.008693762225603141
2024-12-31,0.0024117518088138112
2024-12-30,-0.008748906386701671
2024-12-27,0.021403353927625712
2024-12-26,-0.009721322099805585
2024-12-24,0.0013089005235602524
2024-12-23,-0.0004357298474945148
2024-12-20,-0.01285963382737576
2024-12-19,0.007948774563921512
2024-12-18,-0.01029572836801762
2024-12-17,-0.027445772465692686
2024-12-16,0.001820664542558026
2024-12-13,-0.0018173557473875057
2024-12-12,-0.013427401001365524
2024-12-11,-0.014071510957324063
2024-12-10,-0.0109967243799719
2024-12-09,-0.0063875088715401596
2024-12-06,-0.012380952380952492
2024-12-05,0.006991321118611449
2024-12-04,0.0014364376346660546
2024-12-03,0.01027970356203678
2024-12-02,-0.0073355418835777675
2024-11-29,-0.004290822407628236
2024-11-27,0.01987072061288009
2024-11-26,0.00798122065727691
2024-11-25,-0.004657661853749273
2024-11-22,0.03205428170332225
2024-11-21,0.0018136476989345507
2024-11-20,-0.0013577732518668117
2024-11-19,-0.004078857919782575
2024-11-18,0.004095563139931979
2024-11-15,0.007024699750736385
2024-11-14,0.00022502250225020504
2024-11-13,0.0011248593925758943
2024-11-12,-0.004719101123595526
2024-11-08,-0.027997290584782286
2024-11-07,0.004645760743321903
2024-11-06,0.02450867052023109
2024-11-05,-0.03407808621078756
2024-11-04,0.0014018691588784105
2024-11-01,0.023098460102659812
2024-10-31,-0.02371721778791336
2024-10-30,0.0042046250875964475
2024-10-29,-0.0058153058850896056
2024-10-28,0.0009358914365933391
2024-10-25,-0.01075268817204289
2024-10-24,-0.007088846880907385
2024-10-23,0.009519276534983412
2024-10-22,-0.008486562942008335
2024-10-21,-0.005706134094151216
2024-10-18,-0.0255858440937351
2024-10-17,0.005153374233128893
2024-10-16,-0.01953125
2024-10-15,0.005478087649402497
2024-10-11,0.00866765725606733
2024-10-10,0.005155904738521899
2024-10-09,-0.006595017098192546
2024-10-08,-0.007868207523973436
2024-10-07,-0.0022304832713755385
2024-10-04,-0.011177347242920965
2024-10-03,-0.03391107761868872
2024-10-02,-0.01638065522620913
2024-10-01,-0.013745704467354014
2024-09-30,0.015009380863039379
2024-09-27,-0.009506205439661963
2024-09-26,0.011996800853105727
2024-09-25,-0.0013171759747101497
2024-09-24,-0.015563175943022922
2024-09-23,0.005091103965702004
2024-09-20,-0.0026659557451346183
2024-09-19,-0.00588078053996266
2024-09-18,-0.0016133369185263868
2024-09-17,-0.017506059789927253
2024-09-16,-0.008223684210526438
2024-09-13,0.010779436152570598
2024-09-12,0.0062893081761006275
2024-09-11,-0.005163043478260909
2024-09-10,-0.005736137667303964
2024-09-09,0.017032967032966972
2024-09-06,0.0037817396002162162
2024-09-05,0.0024219590958018955
2024-09-04,0.00859060402684575
2024-09-03,0.01969656640936912
2024-09-02,0.02479770294962158
2024-09-01,-0.0048395313295975795
2024-08-30,0.0005119017148706995
2024-08-29,-0.011767715528268052
2024-08-28,-0.0062127879886099135
2024-08-27,-0.002604845011721757
2024-08-26,-0.0023504831548708527
2024-08-23,-0.00654450261780104
2024-08-22,0.01660079051383412
2024-08-21,-0.015292897874546463
2024-08-20,0.0028954988154776817
2024-08-19,0.017060367454068137
2024-08-16,0.0020645161290322456
2024-08-15,0.009271182075714757
2024-08-14,-0.02041337075784644
2024-08-13,0.0018233915082053187
2024-08-12,0.015860634425377107
2024-08-09,0.008446378295367207
2024-08-08,0.012690355329949332
2024-08-07,-0.009273182957393544
2024-08-06,-0.013154566152289382
2024-08-05,-0.03127403229941039
2024-08-02,0.0034400635088647213
2024-08-01,0.050105485232067704
2024-07-31,0.012807634354595754
2024-07-30,0.026779072650632285
2024-07-29,0.007486114465105054
2024-07-26,0.005273250239693272
2024-07-25,0.012160228898426384
2024-07-24,0.009658421672555928
2024-07-23,-0.0074661689220718586
2024-07-22,0.0
2024-07-19,-0.0025858015984953076
2024-07-18,-0.009662974310629346
2024-07-17,-0.009995240361732494
2024-07-16,0.0
2024-07-15,0.017067307692307576
2024-07-12,-0.01039943275821309
2024-07-11,0.005970862192500537
2024-07-10,0.016619183285849992
2024-07-09,0.0037365716954693706
2024-07-08,-0.004187994416007368
2024-07-05,-0.00046728971962628485
2024-07-04,0.021972884525479186
2024-07-03,-0.003888380603842556
2024-07-02,0.019058553386911425
2024-07-01,0.007435781883731396
2024-06-28,-0.017669425184522414
2024-06-27,-0.024134790528233308
2024-06-26,0.01003266448903406
2024-06-25,-0.018711018711018546
2024-06-24,-0.003295668549905928
2024-06-21,0.005432215399149731
2024-06-20,0.0009396288466057001
2024-06-19,-0.005867167331612411
2024-06-18,-0.004013220018885599
2024-06-17,0.015643517421189745
2024-06-14,-0.014935822637106244
2024-06-13,0.006396588486140775
2024-06-12,0.016478342749528974
2024-06-11,0.01945345067160731
2024-06-10,0.015674693321217514
2024-06-07,-0.008499217177365348
2024-06-06,-0.0329348071283555
2024-06-05,-0.0023326335432702905
2024-06-04,0.012391863455693208
2024-06-03,0.014318706697459715
2024-05-31,0.02527322404371568
2024-05-30,0.010437486120364214
2024-05-29,0.014505494505494543
2024-05-28,-0.014731369150779772
2024-05-27,-0.0191292875989445
2024-05-24,0.0013449899125754783
2024-05-23,0.002686366689053088
2024-05-22,-0.011832998437151132
2024-05-21,-0.0031631269769544224
2024-05-20,0.007932910244786928
2024-05-17,-0.005621767483696916
2024-05-16,-0.010176390773405708
2024-05-15,-0.007539410555174708
2024-05-14,0.023250460405156437
2024-05-13,0.01012373453318327
2024-05-10,0.00222717149220486
2024-05-09,-0.009111111111111181
2024-05-08,0.009194886745907294
2024-05-07,-0.0086666666666666
2024-05-06,0.00582828962116122
2024-05-03,0.002228660574994379
2024-05-02,0.020458083166555507
2024-05-01,0.011331444759206777
2024-04-30,0.00883430295194998
2024-04-29,-0.015164459632635796
2024-04-26,0.011277380177835639
2024-04-25,0.00879262277503745
2024-04-24,-0.011904761904761862
2024-04-23,-0.00882099827882954
2024-04-22,0.0006511829824180637
2024-04-19,0.002819956616052055
2024-04-18,0.003028336577979518
2024-04-17,-0.010351520379555557
2024-04-16,0.017432991937241127
2024-04-15,-0.012636538873420311
2024-04-12,-0.02017353579175707
2024-04-11,0.014832853663936163
2024-04-10,-0.008289703315881192
2024-04-09,-0.04047514298284205
2024-04-08,0.013755158184318939
2024-04-05,-0.004975124378109319
2024-04-04,-0.02113636363636362
2024-04-03,0.010215927559786397
2024-04-02,0.00045966444495504355
2024-04-01,-0.008270158511371362
2024-03-29,-0.024785730831596076
2024-03-28,-0.00095011876484552
2024-03-27,-0.0042796005706136064
2024-03-26,0.011938872970391756
2024-03-25,0.0025955639452570622
2024-03-22,-0.011061426217933601
2024-03-21,0.015944788196097237
2024-03-20,0.0018739751698289009
2024-03-19,0.003740939911152763
2024-03-18,0.008152806894945241
2024-03-15,-0.004621072088724643
2024-03-14,-0.00371402042711233
2024-03-13,-0.024231127679403608
2024-03-12,-0.008834765998089744
2024-03-11,-0.012768007708985785
2024-03-08,-0.005124450951683679
2024-03-07,0.0029433406916852256
2024-03-06,0.0046466128637807635
2024-03-05,0.010467380720545316
2024-03-04,0.015899783184774696
2024-03-01,-0.0073511975337917645
2024-02-29,0.016244624940277008
2024-02-28,0.0028208744710862543
2024-02-27,0.00867323019221744
2024-02-26,-0.005112712061352553
2024-02-23,-0.007708479327259821
2024-02-22,0.019538606403013192
2024-02-21,-0.0027707226968368692
2024-02-20,-0.010187543412826905
2024-02-19,0.009824561403508625
2024-02-18,-0.004864489228630919
2024-02-16,-0.0034916201117319856
2024-02-15,-0.01097874328427928
2024-02-14,0.0063769485120452885
2024-02-13,0.015254635062191824
2024-02-12,-0.03398058252427172
2024-02-09,-0.0004785833931564287
2024-02-08,-0.004548719176442284
2024-02-07,-0.01034151034151043
2024-02-06,-0.0060753341433780195
2024-02-05,0.01760391198044009
2024-02-02,-0.033157135992311404
2024-02-01,-0.03528827037773352
2024-01-31,0.009273570324574987
2024-01-30,0.03011740684022457
2024-01-29,0.009910802775024763
2024-01-26,0.015456329735034524
2024-01-25,-0.004590480792461937
2024-01-24,0.014563106796116498
2024-01-23,-0.011483253588516762
2024-01-22,-0.006050338818973766
2024-01-19,0.005600194789384005
2024-01-18,0.0029055690072641305
2024-01-17,-0.008691453404152671
2024-01-16,-0.012664393570384735
2024-01-15,-0.016773556980759774
2024-01-14,-0.004515805318615174
2024-01-12,-0.007308467741935498
2024-01-11,0.009139375476009182
2024-01-10,0.01383647798742138
2024-01-09,-0.003722084367245748
2024-01-08,0.00298879202988811
2024-01-05,0.00595977154209093
2024-01-04,-0.011848926191063924
2024-01-03,-0.02073444916312772
2024-01-02,0.005357142857142838
2024-01-01,-0.010910936310581043
2023-12-29,-0.008209338122113885
2023-12-28,-0.005173305742369405
2023-12-27,-0.014820592823712953
2023-12-26,0.028503562945368044
2023-12-25,0.0012830382345394575
2023-12-22,-0.00025627883136858376
2023-12-21,-0.0023071007433991264
2023-12-20,-0.010020554984583652
2023-12-19,0.020243965740980974
2023-12-18,0.0010175527855507127
2023-12-15,-0.0050825921219822545
2023-12-14,0.0015325670498083088
2023-12-13,0.026268808977301772
2023-12-12,0.04622266401590447
2023-12-11,0.0064133016627079265
2023-12-08,-0.0018881283927306702
2023-12-07,-0.019153464175928225
2023-12-06,-0.008196721311475419
2023-12-05,0.012882839086047593
2023-12-04,0.0220782337413008
2023-12-01,-0.011739845034045682
2023-11-30,0.02874792112140656
2023-11-29,-0.01639722863741333
2023-11-28,0.015496595444940198
2023-11-27,0.015028901734103872
2023-11-24,0.0186788154897497
2023-11-23,-0.004248658318425802
2023-11-22,-0.010105546822366973
2023-11-21,-0.002268602540835052
2023-11-20,0.006366530241018742
2023-11-17,0.0029371893357432732
2023-11-16,0.00045055192610954364
2023-11-15,0.02161675298356225
2023-11-14,-0.018514436852545613
2023-11-13,0.0415450258252863
2023-11-10,0.0017248814144028568
2023-11-09,-0.0030133448127421802
2023-11-08,-0.030224525043177852
2023-11-07,0.017141585040071128
2023-11-06,0.01707156927117537
2023-11-03,-0.015278674413600313
2023-11-02,0.01857517482517479
2023-11-01,0.015661875134091563
2023-10-31,0.040557667934093766
2023-10-30,-0.007714169711733665
2023-10-27,-0.008797054009820005
2023-10-26,0.0008255933952530103
2023-10-25,0.023097545885749637
2023-10-24,-0.028623261439226
2023-10-23,0.006017846026146412
2023-10-20,0.013613861386138515
2023-10-19,0.015466015466015559
2023-10-18,-0.015831663326653422
2023-10-17,-0.01527183872938287
2023-10-16,-0.028122415219189456
2023-10-13,-0.017872340425531985
2023-10-12,0.017547660311958424
2023-10-11,-0.029593357462209924
2023-10-10,0.02172005265467325
2023-10-09,-0.0062271848829718035
2023-10-08,0.020959377700950688
2023-10-06,0.014814814814814836
2023-10-05,-0.015432742440041669
2023-10-04,0.0029654734166491004
2023-10-03,0.012671594508975703
2023-10-02,-0.02294056308654857
2023-09-29,-0.022625400213447167
2023-09-28,0.0
2023-09-27,0.0063332605372352635
2023-09-26,-0.01258680555555547
2023-09-25,-0.004175824175824183
2023-09-22,-0.02052527035974394
2023-09-21,0.012618296529968376
2023-09-20,-0.021139296840231414
2023-09-19,-0.007729029324846537
2023-09-18,-0.01420389461626581
2023-09-15,0.00766906809202883
2023-09-14,-0.011531365313653286
2023-09-13,-0.0074661689220718586
2023-09-12,0.006111894687353292
2023-09-11,0.0032710280373831058
2023-09-08,-0.007918025151373964
2023-09-07,-0.0023474178403755097
2023-09-06,0.010823529411764676
2023-09-05,-0.006983240223463749
2023-09-04,-0.014064697609001309
2023-09-03,-0.004517356157869745
2023-09-01,-0.0014330069262001865
2023-08-31,-0.01793829227457555
2023-08-30,0.00146127618119829
2023-08-29,0.0019455252918287869
2023-08-28,0.020873786407767048
2023-08-25,0.005943889681407466
2023-08-24,0.0023635074450483184
2023-08-23,-0.010610705022400357
2023-08-22,0.0324118207816968
2023-08-21,0.0023084025854107626
2023-08-18,-0.020958083832335217
2023-08-17,0.007762879322512184
2023-08-16,-0.0060690943043884005
2023-08-15,-0.009159229685298143
2023-08-14,-0.00426641384214288
2023-08-11,-0.010235658176624418
2023-08-10,-0.012265512265512313
2023-08-09,-0.022157292427562703
2023-08-08,0.0029880478087649376
2023-08-07,0.017130089374379542
2023-08-04,-0.013424456919697514
2023-08-03,0.03389411182582891
2023-08-02,-0.02129696099545353
2023-08-01,-0.012958435207823915
2023-07-31,-0.017339608620262514
2023-07-28,-0.002520796571716666
2023-07-27,0.011372251705837666
2023-07-26,-0.032233883058470636
2023-07-25,0.004389362251484563
2023-07-24,-0.0030848329048843715
2023-07-21,-0.010572460030943809
2023-07-20,0.004951785248892282
2023-07-19,-0.028008298755186622
2023-07-18,0.010939167556029972
2023-07-17,0.0052784375824754814
2023-07-14,0.005513258072985083
2023-07-13,-0.0164490861618799
2023-07-12,0.024953543934165268
2023-07-11,0.030303030303030276
2023-07-10,0.005530417295123158
2023-07-07,0.01649999999999996
2023-07-06,-0.008607968519429465
2023-07-05,-0.024063507814438
2023-07-04,-0.024148449415353324
2023-07-03,0.004949205522271516
2023-06-30,-0.004406428201140455
2023-06-29,0.00026034886748238506
2023-06-28,-0.03331598125976054
2023-06-27,0.015616585891222279
2023-06-26,-0.01299045599151638
2023-06-23,0.0037604082728983634
2023-06-22,0.016055659620016094
2023-06-21,-0.018435607058203907
2023-06-20,-0.002146498524282281
2023-06-19,0.02769561710137136
2023-06-16,-0.014390371533228752
2023-06-15,-0.012476771967082523
2023-06-14,0.018817204301075252
2023-06-13,0.009762532981530292
2023-06-12,-0.021949307551607067
2023-06-09,0.0
2023-06-08,-0.006679134384183771
2023-06-07,0.020172135556751014
2023-06-06,-0.030582652254152465
2023-06-05,0.0032635300516725696
2023-06-02,0.0024396855516399807
2023-06-01,-0.026230394808004265
2023-05-31,0.012496528742016011
2023-05-30,0.013165112452002248
2023-05-29,0.018949648077964287
2023-05-28,0.01461211477151969
2023-05-26,-0.00235663786331497
2023-05-25,0.0034120734908136274
2023-05-24,-0.020664399686110335
2023-05-23,-0.012286324786324854
2023-05-22,0.005678745267712282
2023-05-19,-0.009948910997579996
2023-05-18,-0.008419337316675768
2023-05-17,-0.021637907422623837
2023-05-16,-0.008678611422172522
2023-05-15,-0.009601807399039819
2023-05-12,-0.01254633589962928
2023-05-11,-0.022235056309558132
2023-05-10,0.015652687536916732
2023-05-09,0.02413492294271591
2023-05-08,-0.004258943781942026
2023-05-05,-0.020530367835757124
2023-05-04,-0.016885007278020447
2023-05-03,-0.0038495706248149464
2023-05-02,0.020511296076099805
2023-05-01,0.039906787066705585
2023-04-28,-0.038375350140056
2023-04-27,0.027672589571803075
2023-04-26,-0.02352607709750576
2023-04-25,-0.013062409288824406
2023-04-24,0.028235294117647136
2023-04-21,0.020594965675057253
2023-04-20,-0.008968609865470878
2023-04-19,0.015554298642533881
2023-04-18,-0.0036201615148984123
2023-04-17,0.007825600894354467
2023-04-14,-0.02523571824736548
2023-04-13,-0.018776671408250456
2023-04-12,-0.014207016526529448
2023-04-11,0.009411764705882453
2023-04-10,-0.004953379953379966
2023-04-07,-0.0005856515373353632
2023-04-06,-0.03222970993261054
2023-04-05,0.0018165304268846771
2023-04-04,0.00906618313689922
2023-04-03,0.022761305780173657
2023-03-31,0.016983894582723202
2023-03-30,0.021307227181111443
2023-03-29,0.005356639413588882
2023-03-28,0.0016825574873808868
2023-03-27,-0.009238521836506086
2023-03-24,-0.047188471319581926
2023-03-23,0.012455516014235002
2023-03-22,0.01083772700644392
2023-03-21,0.04549405969284259
2023-03-20,-0.034645232815964544
2023-03-17,-0.012919896640826822
2023-03-16,0.0410122164048865
2023-03-15,-0.03269069572506289
2023-03-14,0.06441363373772391
2023-03-13,-0.037991858887381325
2023-03-10,0.04485190409026796
2023-03-09,0.054805615550755915
2023-03-08,0.020987970309700454
2023-03-07,-0.004763098520932485
2023-03-06,-0.0015113350125944836
2023-03-03,-0.0015136226034307976
2023-03-02,0.0262758969176351
2023-03-01,-0.016740521910388995
2023-02-28,-0.016524787180771217
2023-02-27,-0.0015274949083502465
2023-02-24,0.006374298827128921
2023-02-23,-0.014441347859133535
2023-02-22,0.009511568123393266
2023-02-21,0.006875477463712754
2023-02-20,-0.026049570055639903
2023-02-17,-0.008828875616722853
2023-02-16,0.012051349227141683
2023-02-15,-0.015531969971524728
2023-02-14,-0.013147515119642295
2023-02-13,-0.013056221689315195
2023-02-10,0.01052915766738649
2023-02-09,-0.021106064654020762
2023-02-08,-0.013373362445414871
2023-02-07,0.017704011065006853
2023-02-06,-0.009513454743136696
2023-02-03,-0.03430296377607023
2023-02-02,-0.03324808184143224
2023-02-01,0.0044091710758376035
2023-01-31,0.027216856892010588
2023-01-30,0.009116809116809232
2023-01-27,-0.009881422924901129
2023-01-26,-0.0002851439977189507
2023-01-25,-0.01568739304050193
2023-01-24,0.0011590843233846293
2023-01-23,0.019102749638205463
2023-01-20,-0.011076398750354932
2023-01-19,-0.02383687535898915
2023-01-18,-0.007649308620182316
2023-01-17,0.052179069077971985
2023-01-16,-0.005635390250774863
2023-01-13,-0.008784358175120355
2023-01-12,-0.015437392795883409
2023-01-11,0.02874564459930329
2023-01-10,0.020321761219305623
2023-01-09,-0.024343015214384534
2023-01-06,0.009356393535582708
2023-01-05,0.04550561797752817
2023-01-04,-0.008597528210639416
2023-01-03,0.01680216802168011
2023-01-02,0.03384861407249473
2022-12-30,0.0
2022-12-29,-0.015210105697344711
2022-12-28,0.017277486910994844
2022-12-27,-0.009521358723623252
2022-12-26,-0.027539620680696375
2022-12-23,0.0021373230029388957
2022-12-22,-0.017328712343375074
2022-12-21,-0.0035268583830710964
2022-12-20,0.005172883201742584
2022-12-19,-0.027627302275189725
2022-12-16,-0.028412256267409397
2022-12-15,-0.01089449541284393
2022-12-14,0.008405797101449286
2022-12-13,0.006323656223052643
2022-12-12,0.03313339045986874
2022-12-09,-0.008570638650815643
2022-12-08,-0.027049637479085287
2022-12-07,-0.019489825164803687
2022-12-06,0.032154340836012985
2022-12-05,0.014726706315491445
2022-12-02,-0.025397711415015456
2022-12-01,0.005154639175257714
2022-11-30,0.02877492877492882
2022-11-29,0.038493492107449345
2022-11-28,-0.018933333333333358
2022-11-25,0.0032617559119325623
2022-11-24,-0.008127878623679141
2022-11-23,0.007648183556405286
2022-11-22,0.01870425589590674
2022-11-21,0.021820117083555024
2022-11-18,-0.0028645833333332815
2022-11-17,-0.01566988769913813
2022-11-16,-0.02096046696736542
2022-11-15,0.02357723577235782
2022-11-14,0.022769393698702567
2022-11-10,-0.013461040641988054
2022-11-09,0.07557071634741552
2022-11-08,0.007074896316174639
2022-11-07,0.021802325581395277
2022-11-04,-0.013039355144618181
2022-11-03,-0.0033629594042757782
2022-11-02,-0.012774162448782822
2022-11-01,-0.01171875
2022-10-31,0.000494071146245112
2022-10-28,-0.00987654320987652
2022-10-27,-0.020698254364089674
2022-10-26,0.020371785077667237
2022-10-25,0.023209383578737253
2022-10-24,0.0358536585365854
2022-10-21,-0.006592889098186894
2022-10-20,0.003318321877221919
2022-10-19,-0.022442712024568823
2022-10-18,-0.031657805703238284
2022-10-17,0.001247816321437556
2022-10-14,0.0027417746759721418
2022-10-13,-0.018145662440964383
2022-10-12,-0.012151898734177213
2022-10-11,0.01101998974884677
2022-10-10,0.0025348542458809575
2022-10-07,-0.01694058154235145
2022-10-06,-0.015432098765432167
2022-10-05,-0.019070010449320773
2022-10-04,-0.031957390146471365
2022-10-03,0.0022008253094909502
2022-09-30,0.05105682130112554
2022-09-29,-0.012274745364324935
2022-09-28,-0.01189846641988368
2022-09-27,0.0567299973240567
2022-09-26,-0.005317801975183611
2022-09-23,-0.06135437881873729
2022-09-22,0.006238133984268979
2022-09-21,-0.047439353099730464
2022-09-20,0.009903791737408074
2022-09-19,-0.021014289717007473
2022-09-16,-0.01116199198626222
2022-09-15,-0.0017366136034733248
2022-09-14,-0.013047260075384148
2022-09-13,0.00235017626321965
2022-09-12,-0.015826494724501705
2022-09-09,-0.012805241215009033
2022-09-08,0.002413273001508287
2022-09-07,-0.0168522419500452
2022-09-06,0.025711662075298403
2022-09-05,-0.03819755296926297
2022-09-02,-0.008687558175612842
2022-09-01,0.020031298904538364
2022-08-31,-0.019331083154341733
2022-08-30,-0.026282853566958697
2022-08-29,0.0006426735218507673
2022-08-26,-0.026974951830443183
2022-08-25,0.00033003300330047836
2022-08-24,0.02573408116133291
2022-08-23,-0.01672563525249282
2022-08-22,-0.01079489695780178
2022-08-19,-0.015873015873015928
2022-08-18,-0.030241935483870885
2022-08-17,0.00554400554400547
2022-08-16,-0.03239145416953837
2022-08-15,-0.005341880341880212
2022-08-12,0.01754385964912286
2022-08-11,0.016537649542575528
2022-08-10,-0.03599861543786764
2022-08-09,-0.002154398563734339
2022-08-08,-0.010435408420295
2022-08-05,0.028000000000000025
2022-08-04,-0.047046338875132654
2022-08-03,0.00445434298440972
2022-08-02,0.015521064301552201
2022-08-01,-0.05822416302765654
2022-07-29,0.027047913446677008
2022-07-28,0.004890895410082807
2022-07-27,0.042680643953575625
2022-07-26,0.006463195691202905
2022-07-25,0.0014270424545130833
2022-07-22,-0.018881368008550004
2022-07-21,0.046477850399418985
2022-07-20,0.051353226925745954
2022-07-19,-0.0006600660066006236
2022-07-18,-0.012879788639366008
2022-07-15,-0.020408163265306145
2022-07-14,0.010245901639344357
2022-07-13,-0.007775524002704537
2022-07-12,0.01226575809199315
2022-07-11,0.007404914170312971
2022-07-08,0.029067824924824626
2022-07-07,-0.025974025974025983
2022-07-06,-0.02199999999999991
2022-07-05,-0.039536468984321727
2022-07-04,0.04045422285308731
2022-07-01,-0.014665757162346527
2022-06-30,0.044305988231222004
2022-06-29,0.023201856148491906
2022-06-28,0.02915451895043719
2022-06-27,0.00786905886056033
2022-06-24,-0.019987507807620264
2022-06-23,-0.015615041427660903
2022-06-22,0.022984784719974227
2022-06-21,0.037658227848101244
2022-06-20,-0.0006099420555046864
2022-06-17,-0.01403722917302419
2022-06-16,-0.011142061281337101
2022-06-15,0.030359937402191006
2022-06-14,0.056804374240583266
2022-06-13,-0.03363035354987065
2022-06-10,-0.05859607376561571
2022-06-09,-0.03759873617693532
2022-06-08,-0.006237688772160133
2022-06-07,-0.015857284440039643
2022-06-06,0.020476670023497734
2022-06-03,-0.03256578947368427
2022-06-02,-0.009520571234274078
2022-06-01,-0.000686577411603051
2022-05-31,-0.021298522844383272
2022-05-30,-0.012987012987013102
2022-05-27,-0.024537695590327147
2022-05-26,-0.0003645643456069436
2022-05-25,0.003282275711159688
2022-05-24,0.0010905125408942062
2022-05-23,0.038852578068264476
2022-05-20,-0.025515554002097263
2022-05-19,0.017575322812051875
2022-05-18,0.016566795911173715
2022-05-17,0.038488210818308
2022-05-16,-0.03639398998330545
2022-05-13,0.014553014553014387
2022-05-12,-0.024931693989071024
2022-05-11,0.024518388791593626
2022-05-10,0.021880341880341936
2022-05-09,0.015055202408832402
2022-05-06,0.03559657218193801
2022-05-05,-0.034054742202418775
2022-05-04,-0.029324546952224084
2022-05-03,0.011201629327902252
2022-05-02,-0.0006713662302787471
2022-04-29,-0.013100436681222627
2022-04-28,-0.036078965282505204
2022-04-27,-0.0021186440677964935
2022-04-26,-0.034677990092002786
2022-04-25,0.032991202346041026
2022-04-22,0.030872959545777068
2022-04-21,0.00103270223752161
2022-04-20,-0.02544704264099029
2022-04-19,0.03740296400846854
2022-04-18,-0.028231292517006734
2022-04-14,-0.010150507525376384
2022-04-13,-0.044200848656294256
2022-04-12,0.008879023307436285
2022-04-11,0.017235056839017382
2022-04-08,-0.02523431867339576
2022-04-07,-0.014423076923076983
2022-04-06,-0.02514071294559106
2022-04-05,-0.016936104695919996
2022-04-04,-0.06303837118245892
2022-04-01,-0.0016715419974926427
2022-03-31,-0.018417748011720247
2022-03-30,0.005543710021321813
2022-03-29,0.016963528413910023
2022-03-28,0.028356964136780682
2022-03-25,0.008921330089213253
2022-03-24,-0.047427652733118886
2022-03-23,-0.03375527426160341
2022-03-22,0.03973799126637534
2022-03-21,-0.035279294414111595
2022-03-18,-0.06269046582498916
2022-03-17,0.006502554575011477
2022-03-16,0.011536686663590423
2022-03-15,-0.019616788321167977
2022-03-14,-0.0032573289902280145
2022-03-11,-0.06769374416433227
2022-03-10,-0.0020030045067601643
2022-03-09,-0.021073758153537403
2022-03-08,-0.05689390056381338
2022-03-07,-0.03423913043478266
2022-03-04,-0.022509848058525517
2022-03-03,0.059297639608520525
2022-03-02,0.020652173913043415
2022-03-01,-0.08626198083067094
2022-02-28,0.061771561771561734
2022-02-25,0.08122941822173435
2022-02-24,0.0
2022-02-23,0.014213197969543234
2022-02-22,-0.027027027027027084
2022-02-21,-0.03652263374485598
2022-02-18,0.028830752802989856
2022-02-17,0.02127659574468077
2022-02-16,0.03658536585365857
2022-02-15,0.0014705882352941124
2022-02-14,-0.027900146842878226
2022-02-11,-0.03423967774420955
2022-02-10,0.06517205422314931
2022-02-09,-0.047968673519334315
2022-02-08,0.010282776349614497
2022-02-07,-0.023409669211195916
2022-02-04,-0.0015633142261595179
2022-02-03,-0.0417536534446763
2022-02-02,-0.03540305010893252
2022-02-01,0.013551665725578754
2022-01-31,-0.006128133704735306
2022-01-28,-0.0033632286995515237
2022-01-27,0.014060742407199012
2022-01-26,0.038824181919023815
2022-01-25,-0.05178857447944474
2022-01-24,0.0
2022-01-21,-0.0033783783783783994
2022-01-20,0.023163841807909646
2022-01-19,0.0237437879624518
2022-01-18,0.01132686084142387
2022-01-17,-0.03520000000000001
2022-01-14,-0.008844665561083431
2022-01-13,-0.05131065253764633
2022-01-12,0.029982363315696592
2022-01-11,-0.003424657534246589
2022-01-10,0.005154639175257714
2022-01-07,0.005698005698005604
2022-01-06,-0.020963172804532526
2022-01-05,-0.01620370370370372
2022-01-04,-0.029999999999999916
2022-01-03,-0.0072771376591873604
2021-12-31,-0.07635919364691512
2021-12-30,-0.003306878306878369
2021-12-29,0.032514930325149516
2021-12-28,-0.046272493573264795
2021-12-27,-0.004716981132075415
2021-12-23,0.01083276912660791
2021-12-22,-0.02679169457468189
2021-12-21,0.009635237439779676
2021-12-20,-0.026584867075664764
2021-12-17,-0.014705882352941124
2021-12-16,0.012082444918265711
2021-12-15,0.023876404494381998
2021-12-14,-0.011659807956104218
2021-12-13,-0.01873698820263714
2021-12-10,0.0480905233380482
2021-12-09,0.010121457489878694
2021-12-08,0.020708082832331165
2021-12-07,-0.030104712041884807
2021-12-06,-0.03306342780026983
2021-12-03,-0.05373342637822742
2021-12-02,0.06489675516224169
2021-12-01,-0.027700831024930817
2021-11-30,0.03703703703703698
2021-11-29,0.0315934065934067
2021-11-26,-0.013315579227696439
2021-11-25,0.0769230769230771
2021-11-24,0.029448621553884724
2021-11-23,0.02008520998174057
2021-11-22,-0.026252983293556076
2021-11-19,-0.051470588235294046
2021-11-18,0.025193798449612448
2021-11-17,-0.001260239445494693
2021-11-16,0.034700315457413256
2021-11-15,-0.013414634146341364
2021-11-12,-0.02966625463535233
2021-11-11,0.005095541401273884
2021-11-10,-0.005069708491761693
2021-11-09,-0.08343949044585985
2021-11-08,0.037526059763724806
2021-11-05,-0.025452109845947812
2021-11-04,0.05154639175257736
2021-11-03,0.04771241830065365
2021-11-02,-0.03493449781659397
2021-11-01,0.009049773755656076
2021-10-29,0.0
2021-10-28,0.010890454836643304
2021-10-27,-0.017743979721166037
2021-10-26,0.03870967741935494
2021-10-25,0.014285714285714235
2021-10-22,0.0030618493570115923
2021-10-21,0.035409035409035505
2021-10-20,-0.021226415094339646
2021-10-19,-0.011445783132530085
2021-10-18,-0.030469226081657586
2021-10-15,-0.010685103708359511
2021-10-14,-0.03684879288437104
2021-10-13,0.01715039577836408
2021-10-12,0.01945525291828787
2021-10-11,0.03562340966921118
2021-10-08,-0.009828009828009687
2021-10-07,-0.022332506203473934
2021-10-06,-0.030456852791878153
2021-10-05,0.0
2021-10-04,-0.030759162303664822
2021-10-01,-0.01080351114112088
2021-09-30,0.018430034129692796
2021-09-29,0.02144772117962468
2021-09-28,0.014435695538057791
2021-09-27,-0.03557567917205684
2021-09-24,-0.025486250838363533
2021-09-23,-0.012388162422574012
2021-09-22,-0.09128919860627183
2021-09-21,0.01840490797546024
2021-09-20,-0.012048192771084376
2021-09-17,0.038871951219512146
2021-09-16,-0.019809244314013097
2021-09-15,-0.0239520958083832
2021-09-14,-0.015337423312883458
2021-09-13,0.032710280373831724
2021-09-10,0.012820512820512775
2021-09-09,-0.034251675353685784
2021-09-08,0.03006939090208194
2021-09-07,0.030688622754490913
2021-09-06,-0.02977487291212777
2021-09-03,-0.007485029940119792
2021-09-02,-0.03092006033182515
2021-09-01,0.010894941634241206
2021-08-31,0.00615858352578913
2021-08-30,-0.02065799540933433
2021-08-27,0.0234375
2021-08-26,0.03358778625954195
2021-08-25,-0.0036927621861152504
2021-08-24,-0.03854707190511497
2021-08-23,-0.03392444101773329
2021-08-20,0.0015961691939345712
2021-08-19,-0.009561752988047623
2021-08-18,0.013676588897827857
2021-08-17,0.005555555555555536
2021-08-16,0.0007892659826362891
2021-08-13,0.011829652996845352
2021-08-12,0.06079501169134849
2021-08-11,-0.019103600293901568
2021-08-10,0.014232209737827795
2021-08-09,-0.021418020679468297
2021-08-06,-0.015094339622641506
2021-08-05,-0.061302681992337016
2021-08-04,-0.03673469387755113
2021-08-03,-0.005084745762711895
2021-08-02,0.004258943781942248
2021-07-30,0.039864291772688576
2021-07-29,0.03262642740619914
2021-07-28,-0.02211690363349128
2021-07-27,0.0008077544426494665
2021-07-26,0.045197740112994156
2021-07-23,-0.010810810810810811
2021-07-22,-0.0031225604996096834
2021-07-21,0.011746280344557603
2021-07-20,-0.05417956656346756
2021-07-19,-0.01882160392798682
2021-07-16,0.08423686405337771
2021-07-15,0.0007692307692306333
2021-07-14,0.0368946963873944
2021-07-13,0.05114899925871019
2021-07-12,-0.03526093088857529
2021-07-09,-0.00511695906432752
2021-07-08,-0.049228508449669306
2021-07-07,0.022411128284389514
2021-07-06,0.021919879062736403
2021-07-05,0.062130177514792884
2021-07-02,-0.0034818941504177747
2021-07-01,0.01956673654786867
2021-06-30,0.006168608636051953
2021-06-29,0.004768392370572361
2021-06-28,0.004745762711864332
2021-06-25,0.028340080971659853
2021-06-24,-0.01640419947506555
2021-06-23,-0.009339559706470935
2021-06-22,-0.012121212121212088
2021-06-21,0.020449897750511203
2021-06-18,-0.03607214428857719
2021-06-17,0.04712404712404705
2021-06-16,0.046326935804103186
2021-06-15,-0.05819101834282092
2021-06-14,0.005372733378106176
2021-06-11,-0.02872411489645965
2021-06-10,-0.011691884456671131
2021-06-09,0.0382741823242867
2021-06-08,0.030831099195710587
2021-06-07,0.02015604681404426
2021-06-04,-0.007648183556405397
2021-06-03,0.04367373153500331
2021-06-02,-0.02215384615384619
2021-06-01,0.010698552548772833
2021-05-31,0.00249066002490661
2021-05-28,-0.01801242236024858
2021-05-27,0.015812776723592714
2021-05-26,-0.015566625155666314
2021-05-25,-0.013282732447817747
2021-05-24,0.027564102564102466
2021-05-21,0.012476606363069243
2021-05-20,0.0030807147258162804
2021-05-19,0.029484029484029506
2021-05-18,-0.021479713603818618
2021-05-17,0.007317073170731714
2021-05-14,-0.010290556900726333
2021-05-13,0.014678899082568808
2021-05-12,0.02049427365883072
2021-05-11,-0.04193738924985235
2021-05-10,-0.011097410604192337
2021-05-07,-0.01558603491271826
2021-05-06,-0.005699810006333017
2021-05-05,0.0006369426751591245
2021-05-04,0.012730744748567835
2021-05-03,0.005028284098051561
2021-04-30,0.016885553470919357
2021-04-29,0.009225092250922495
2021-04-28,-0.018281535648994485
2021-04-27,0.008690254500310468
2021-04-26,-0.035076923076923006
2021-04-23,-0.005739795918367374
2021-04-22,-0.010904425914047389
2021-04-21,0.011024643320363126
2021-04-20,0.004490057729313657
2021-04-19,0.02809706257982114
2021-04-16,-0.012422360248447228
2021-04-15,-0.010062893081761004
2021-04-14,0.03811944091486641
2021-04-13,-0.008567931456548217
2021-04-12,0.03024691358024678
2021-04-09,-0.004194128220491367
2021-04-08,-0.02166064981949456
2021-04-07,0.032595325953259646
2021-04-06,-0.012507444907683185
2021-04-05,0.02955367913148388
2021-04-02,-0.01991798476859985
2021-04-01,0.0
2021-03-31,0.04243873281530175
2021-03-30,-0.019495412844036664
2021-03-29,0.004093567251462149
2021-03-26,-0.025043680838672144
2021-03-25,-0.024492234169653515
2021-03-24,-0.01163502755664414
2021-03-23,0.004956629491945419
2021-03-22,0.045006165228113515
2021-03-19,0.020648967551622377
2021-03-18,-0.01387283236994219
2021-03-17,-0.035169988276670616
2021-03-16,-0.01518833535844466
2021-03-15,-0.00863664404688469
2021-03-12,0.011200995644057299
2021-03-11,-0.055384615384615477
2021-03-10,-0.009120521172638396
2021-03-09,0.004602235371466312
2021-03-08,0.0490837696335078
2021-03-05,-0.016219588271989993
2021-03-04,-0.012682308180088753
2021-03-03,-0.04688503532434163
2021-03-02,-0.05795148247978443
2021-03-01,0.02002861230329045
2021-02-26,-0.0133239831697054
2021-02-25,0.08742004264392333
2021-02-24,-0.10326797385620912
2021-02-23,-0.021137026239067103
2021-02-22,0.0193596425912137
2021-02-19,-0.02118334550766976
2021-02-18,-0.03208955223880605
2021-02-17,-0.01156515034695449
2021-02-16,0.02262090483619339
2021-02-15,-0.04652936689549958
2021-02-12,-0.03200000000000003
2021-02-11,-0.037190082644628086
2021-02-10,-0.03519313304721028
2021-02-09,0.032028469750889466
2021-02-08,0.01379310344827589
2021-02-05,-0.00595238095238082
2021-02-04,-0.028229255774166018
2021-02-03,0.002640845070422726
2021-02-02,-0.038630377524144
2021-02-01,-0.014611872146118698
2021-01-29,-0.007414272474513428
2021-01-28,-0.017740429505135324
2021-01-27,-0.03707224334600778
2021-01-26,0.019743336623889496
2021-01-25,0.0
2021-01-22,0.05130687318489846
2021-01-21,0.02117863720073654
2021-01-20,-0.028854824165915227
2021-01-19,0.013927576601671321
2021-01-18,0.0073260073260073
2021-01-15,-0.01181818181818195
2021-01-14,0.03863845446182146
2021-01-13,-0.03277236492471203
2021-01-12,0.03388278388278376
2021-01-11,0.013286093888396744
2021-01-08,-0.021853146853146765
2021-01-07,-0.03395889186773904
2021-01-06,-0.03885291396854773
2021-01-05,-0.08084696823869097
2021-01-04,-0.03874345549738212
2020-12-31,-0.002178649237472796
2020-12-30,0.01091703056768556
2020-12-29,0.015118790496760237
2020-12-28,-0.018085106382978666
2020-12-24,0.003250270855904569
2020-12-23,0.020518358531317338
2020-12-22,-0.025396825396825307
2020-12-21,0.01845819761129186
2020-12-18,0.00746268656716409
2020-12-17,-0.01058201058201047
2020-12-16,-0.016042780748663166
2020-12-15,-0.009782608695652173
2020-12-14,-0.014270032930845278
2020-12-11,-0.00222717149220486
2020-12-10,0.01116071428571419
2020-12-09,0.03532008830022071
2020-12-08,-0.018123667377398567
2020-12-07,0.007600434310532034
2020-12-04,0.04849137931034475
2020-12-03,-0.06372045220966083
2020-12-02,0.029637760702524663
2020-12-01,-0.00959488272921094
2020-11-30,-0.093649085037675
2020-11-27,0.0
2020-11-26,0.020190023752969077
2020-11-25,0.02677532013969741
2020-11-24,0.00340136054421758
2020-11-23,-0.029378531073446346
2020-11-20,-0.04074505238649595
2020-11-19,0.02184466019417486
2020-11-18,0.03325415676959631
2020-11-17,-0.00919540229885063
2020-11-16,0.05684454756380508
2020-11-13,-0.014270032930845278
2020-11-12,-0.016703786191536785
2020-11-11,0.10645526613816525
2020-11-10,-0.017400204708290734
2020-11-09,-0.03749999999999987
2020-11-06,-0.11255411255411263
2020-11-05,-0.06585365853658531
2020-11-04,0.006527415143603221
2020-11-03,0.16212710765239957
2020-11-02,-0.049107142857142905
2020-10-30,0.025821596244131495
2020-10-29,-0.04919908466819223
2020-10-28,-0.06859205776173283
2020-10-27,-0.003875968992248069
2020-10-26,0.04150453955901434
2020-10-23,0.04732254047322537
2020-10-22,0.02378121284185486
2020-10-21,-0.04645760743321725
2020-10-20,-0.042630937880633324
2020-10-19,-0.01781170483460559
2020-10-16,-0.029792746113989632
2020-10-15,-0.013351134846461998
2020-10-14,-0.016238159675236785
2020-10-13,0.0027510316368637433
2020-10-12,0.0480109739368999
2020-10-09,0.01963350785340312
2020-10-08,0.0
2020-10-07,0.006418485237484006
2020-10-06,-0.06377551020408168
2020-10-05,0.05994550408719346
2020-10-02,-0.09511568123393321
2020-10-01,-0.035511363636363535
2020-09-30,0.010309278350515427
2020-09-29,-0.05102040816326536
2020-09-28,0.010752688172043001
2020-09-25,-0.003039513677811523
2020-09-24,0.018292682926829285
2020-09-23,0.013473053892215647
2020-09-22,-0.008862629246676468
2020-09-21,-0.0029806259314456574
2020-09-18,0.041853512705530616
2020-09-17,-0.011477761836441891
2020-09-16,0.013062409288824295
2020-09-15,-0.025787965616045683
2020-09-14,-0.00588235294117645
2020-09-11,-0.010355029585798814
2020-09-10,0.01943198804185342
2020-09-09,0.023460410557184508
2020-09-08,-0.022922636103151706
2020-09-07,0.055718475073313734
2020-09-04,0.001388888888888884
2020-09-03,-0.11789181692094308
2020-09-02,0.018867924528301883
2020-09-01,0.03703703703703698
2020-08-31,0.050595238095237915
2020-08-28,0.025495750708215414
2020-08-27,0.04143646408839774
2020-08-26,-0.08753315649867377
2020-08-25,0.0
2020-08-24,-0.049418604651162656
2020-08-21,-0.02752293577981657
2020-08-20,0.02515723270440251
2020-08-19,0.05061349693251538
2020-08-18,-0.021897810218978075
2020-08-17,0.03283582089552217
2020-08-14,0.024566473988439252
2020-08-13,0.01128349788434413
2020-08-12,-0.06136680613668055
2020-08-11,-0.04457652303120363
2020-08-10,-0.0964230171073096
2020-08-07,-0.025817555938037917
2020-08-06,-0.04946996466431086
2020-08-05,0.020446096654275214
2020-08-04,-0.06739526411657559
2020-08-03,0.08203125
2020-07-31,-0.03790613718411551
2020-07-30,0.022514071294559068
2020-07-29,0.05871559633027501
2020-07-28,0.0034662045060658286
2020-07-27,0.06217616580310881
2020-07-24,-0.04552845528455285
2020-07-23,-0.017035775127768327
2020-07-22,0.03986135181975747
2020-07-21,0.008333333333333304
2020-07-20,0.013223140495867813
2020-07-17,0.01631321370309946
2020-07-16,-0.008025682182985605
2020-07-15,0.024271844660194164
2020-07-14,-0.012638230647709303
2020-07-13,-0.011199999999999988
2020-07-10,0.04045307443365709
2020-07-09,-0.046656298600311064
2020-07-08,0.08646003262642754
2020-07-07,-0.03903903903903905
2020-07-06,0.059374999999999956
2020-07-02,-0.013274336283185861
2020-07-01,0.010463378176382765
2020-06-30,-0.026627218934911268
2020-06-29,-0.0471124620060791
2020-06-26,0.020733652312599604
2020-06-25,0.06562500000000004
2020-06-24,-0.004398826979472137
2020-06-23,0.05301914580265077
2020-06-22,-0.006993006993006978
2020-06-19,-0.022535211267605604
2020-06-18,0.018731988472622474
2020-06-17,0.03677510608203671
2020-06-16,0.01091405184174632
2020-06-15,-0.028340080971659964
2020-06-12,-0.01388888888888895
2020-06-11,-0.06197183098591541
2020-06-10,0.10510510510510507
2020-06-09,0.11956521739130421
2020-06-08,0.06553398058252435
2020-06-05,0.017084282460136713
2020-06-04,-0.07614781634938417
2020-06-03,-0.09575757575757571
2020-06-02,-0.0790884718498659
2020-06-01,-0.02911208151382827
2020-05-29,-0.020989505247376306
2020-05-28,0.0673813169984685
2020-05-27,-0.0028694404591105283
2020-05-26,0.0
2020-05-25,-0.05179856115107906
2020-05-22,-0.003034901365705611
2020-05-21,0.035007610350076046
2020-05-20,0.014705882352941124
2020-05-19,0.0028985507246377384
2020-05-18,0.04913294797687873
2020-05-15,-0.11294765840220378
2020-05-14,-0.04192546583850931
2020-05-13,0.05996758508914102
2020-05-12,0.01987767584097866
2020-05-11,0.05997001499250354
2020-05-08,-0.03111739745403097
2020-05-07,-0.06715328467153292
2020-05-06,0.10954616588419408
2020-05-05,-0.06629055007052176
2020-05-04,-0.04682779456193353
2020-05-01,-0.020602218700475405
2020-04-30,0.04530744336569592
2020-04-29,-0.02786377708978327
2020-04-28,-0.019108280254777066
2020-04-27,0.07792207792207795
2020-04-24,-0.0888554216867471
2020-04-23,-0.0033057851239669533
2020-04-22,0.02487562189054726
2020-04-21,-0.08414239482200658
2020-04-20,0.08833922261484117
2020-04-17,0.04220779220779214
2020-04-16,-0.03894080996884741
2020-04-15,0.029173419773095732
2020-04-14,0.1811023622047243
2020-04-13,0.026666666666666616
2020-04-09,-0.05324675324675332
2020-04-08,0.057613168724279795
2020-04-07,-0.05836575875486383
2020-04-06,-0.06611570247933873
2020-04-03,-0.11651917404129808
2020-04-02,0.02003338898163598
2020-04-01,-0.014729950900163713
2020-03-31,0.10963455149501677
2020-03-30,0.08682634730538918
2020-03-27,-0.06887052341597788
2020-03-26,0.2544378698224852
2020-03-25,0.024764150943396235
2020-03-24,-0.012658227848101222
2020-03-23,-0.11072261072261069
2020-03-20,0.15989515072083882
2020-03-19,0.30847457627118624
2020-03-18,0.021588946459413005
2020-03-17,-0.09636517328825034
2020-03-16,-0.3077642656688494
2020-03-13,0.32837837837837847
2020-03-12,-0.17395727365208535
2020-03-11,0.08004926108374377
2020-03-10,-0.08779931584948686
2020-03-09,-0.30125
2020-03-06,0.3828264758497315
2020-03-05,0.1862871927554981
2020-03-04,0.15049073064340224
2020-03-03,-0.05308056872037914
2020-03-02,0.15315315315315314
2020-02-28,0.00954861111111116
2020-02-27,0.09544282029234741
2020-02-26,0.04788069073783352
2020-02-25,0.014981273408239737
2020-02-24,0.011070110701107083
2020-02-21,0.07518248175182474
2020-02-20,0.031228784792939557
2020-02-19,0.032258064516129226
2020-02-18,-0.005739795918367374
2020-02-17,0.012187299550994402
2020-02-14,0.006337135614702172
2020-02-13,0.01952141057934509
2020-02-12,0.011117974058060476
2020-02-11,-0.02138057422113615
2020-02-10,-0.024344569288389573
2020-02-07,0.012156110044785784
2020-02-06,0.039190897597977115
2020-02-05,0.0030413625304137604
2020-02-04,-0.027895694360218326
2020-02-03,-0.048034934497816595
2020-01-31,-0.013761467889908396
2020-01-30,0.05714285714285716
2020-01-29,-0.006285355122564451
2020-01-28,0.05060088551549646
2020-01-27,-0.028898254063816964
2020-01-24,0.045257284562926214
2020-01-23,0.026690391459074814
2020-01-22,0.021952628538417063
2020-01-21,0.002826455624646673
2020-01-20,0.0276211950394587
2020-01-17,0.0010970927043334466
2020-01-16,-0.008767123287671263
2020-01-15,-0.012714206744057432
2020-01-14,0.01511758118701012
2020-01-13,0.01930501930501949
2020-01-10,-0.015151515151515138
2020-01-09,0.019230769230769162
2020-01-08,0.010242587601078323
2020-01-07,-0.03361792956243337
2020-01-06,-0.001104362230811673
2020-01-03,-0.008844665561083431
2020-01-02,0.04684885666480754
2020-01-01,0.023441662226957982
2019-12-31,-0.0010411244143675447
2019-12-30,-0.01719645648775414
2019-12-27,-0.00477200424178148
2019-12-26,0.009057005860415579
2019-12-25,0.006863780359028571
2019-12-24,-0.002097535395909844
2019-12-23,0.013137151865475483
2019-12-20,-0.004668049792531104
2019-12-19,0.0015633142261592958
2019-12-18,0.0
2019-12-17,-0.024453694068678478
2019-12-16,-0.0010666666666666602
2019-12-13,-0.026161238654564878
2019-12-12,0.03947368421052633
2019-12-11,-0.05432489451476796
2019-12-10,0.027328499721137822
2019-12-09,-0.011400651465798162
2019-12-06,0.012081274025260935
2019-12-05,-0.018448182311448735
2019-12-04,-0.017136539524599148
2019-12-03,-0.034308211473565775
2019-12-02,0.061153174140943456
2019-11-29,-0.02634467618002201
2019-11-28,0.0022547914317925244
2019-11-27,-0.006186726659167641
2019-11-26,-0.014714204867006142
2019-11-25,0.006318207926478969
2019-11-22,0.010844748858447328
2019-11-21,0.0028232636928289256
2019-11-20,-0.0163288288288288
2019-11-19,0.02232398397252422
2019-11-18,0.01623740201567747
2019-11-15,0.011570247933884392
2019-11-14,-0.007625272331154731
2019-11-13,0.037870472008781464
2019-11-12,0.019566367001586427
2019-11-11,-0.002593360995850613
2019-11-08,0.0114404576183047
2019-11-07,-0.00822622107969151
2019-11-06,-0.051321928460342114
2019-11-05,0.014754098360655776
2019-11-04,-0.040926225094238045
2019-11-01,-0.03761931499157778
2019-10-31,-0.015169194865811031
2019-10-30,0.05154028436018954
2019-10-29,0.034929577464788863
2019-10-28,0.004354926510615087
2019-10-25,-0.024932249322493272
2019-10-24,-0.015564202334630406
2019-10-23,-0.0016939582156972888
2019-10-22,0.0
2019-10-21,0.019796380090497667
2019-10-18,-0.02717692734331667
2019-10-17,-0.0022805017103763037
2019-10-16,-0.0028571428571427804
2019-10-15,0.014899713467048548
2019-10-14,-0.03162055335968372
2019-10-11,0.011078717201166155
2019-10-10,-0.03690888119953872
2019-10-09,-0.04970059880239519
2019-10-08,-0.03465658475110267
2019-10-07,0.021540469973890364
2019-10-04,-0.023003194888178924
2019-10-03,0.0032701111837802888
2019-10-02,0.043676662320730086
2019-10-01,0.021236727045596426
2019-09-30,0.020183486238532167
2019-09-27,0.011390887290168017
2019-09-26,0.005927682276229973
2019-09-25,0.023571007660577514
2019-09-24,-0.04893494530800235
2019-09-23,0.04297820823244569
2019-09-20,-0.0005803830528149367
2019-09-19,0.03774680603948899
2019-09-18,0.007274762171236793
2019-09-17,0.005555555555555536
2019-09-16,0.018232044198895014
2019-09-13,0.031470428648942006
2019-09-12,-0.06470278800631246
2019-09-11,-0.01856017997750281
2019-09-10,-0.0005730659025788842
2019-09-09,-0.05561926605504586
2019-09-06,-0.05282331511839711
2019-09-05,0.0032051282051281937
2019-09-04,-0.06006389776357823
2019-09-03,-0.006118286879673751
2019-09-02,0.030095759233926156
2019-08-30,-0.004648074369189792
2019-08-29,-0.002001334222815232
2019-08-28,-0.018716577540106916
2019-08-27,0.004087193460490468
2019-08-26,0.04341926729986434
2019-08-23,-0.0032509752925878876
2019-08-22,0.05218525766470972
2019-08-21,-0.013639181649101051
2019-08-20,-0.024512884978001193
2019-08-19,0.03608247422680422
2019-08-16,-0.028606965174129417
2019-08-15,-0.038412291933418774
2019-08-14,0.0539280958721704
2019-08-13,0.07517372078332274
2019-08-12,-0.03642773207990602
2019-08-09,0.0640243902439026
2019-08-08,-0.01489971346704877
2019-08-07,0.0011634671320535084
2019-08-06,-0.0029052876234747504
2019-08-05,0.0011655011655011815
2019-08-02,0.07275902211874263
2019-08-01,0.03201302224633751
2019-07-31,0.05520504731861209
2019-07-30,0.026407573492775338
2019-07-29,0.0014563106796117165
2019-07-26,0.005332040717401787
2019-07-25,0.004339440694310692
2019-07-24,-0.015842534805569075
2019-07-23,0.013658536585365866
2019-07-22,-0.01347449470644857
2019-07-19,0.0034146341463414664
2019-07-18,-0.015070491006319964
2019-07-17,0.00839091806515313
2019-07-16,0.03083700440528614
2019-07-15,-0.007597340930674323
2019-07-12,0.01626794258373221
2019-07-11,0.008945386064030059
2019-07-10,-0.038264115725618275
2019-07-09,0.005337214944201918
2019-07-08,-0.01158301158301156
2019-07-05,-0.00439453125
2019-07-04,-0.044629720451201615
2019-07-03,0.002566735112936369
2019-07-02,0.01177675371223752
2019-07-01,0.028846153846153744
2019-06-28,-0.012788981800295085
2019-06-27,0.0034877927254606256
2019-06-26,0.01787487586891756
2019-06-25,-0.030243902439024306
2019-06-24,0.015090543259557165
2019-06-21,0.02031714568880094
2019-06-20,-0.01748421563865954
2019-06-19,0.002965892239248591
2019-06-18,0.01429275505174954
2019-06-17,0.016034985422740622
2019-06-14,-0.0033476805356289496
2019-06-13,0.00431861804222633
2019-06-12,0.013855709507883285
2019-06-11,0.01083883129123464
2019-06-10,0.002331002331002363
2019-06-07,-0.030697674418604604
2019-06-06,0.01775431861804222
2019-06-05,0.0047147571900045815
2019-06-04,-0.004692632566869914
2019-06-03,-0.021687883074021586
2019-05-31,0.02795180722891555
2019-05-30,0.039381153305203975
2019-05-29,0.020297699594046037
2019-05-28,0.002210433244915988
2019-05-27,0.01896779885310984
2019-05-24,0.006060606060605878
2019-05-23,-0.0008605851979345269
2019-05-22,0.0249784668389319
2019-05-21,0.020168067226890685
2019-05-20,-0.0037067545304777516
2019-05-17,-0.010748243075651143
2019-05-16,0.0004178854993732717
2019-05-15,-0.007101086048454608
2019-05-14,0.015565839293226968
2019-05-13,-0.004556752278376153
2019-05-10,0.02913025384935497
2019-05-09,-0.008087343307723427
2019-05-08,0.013045250713412226
2019-05-07,-0.014889336016096544
2019-05-06,0.0212418300653594
2019-05-03,0.01200000000000001
2019-05-02,0.005928853754940677
2019-05-01,-0.016895874263261335
2019-04-30,0.0007993605115907965
2019-04-29,0.009185303514376963
2019-04-26,-0.010684606252473361
2019-04-25,0.013599999999999834
2019-04-24,-0.006314127861089203
2019-04-23,0.020254169976171577
2019-04-22,0.007006617360840961
2019-04-18,-0.010436799381523088
2019-04-17,0.013281249999999911
2019-04-16,-0.0007710100231301809
2019-04-15,-0.01388888888888895
2019-04-12,0.0023474178403755097
2019-04-11,-0.024590163934426146
2019-04-10,-0.013605442176870874
2019-04-09,0.015010141987829684
2019-04-08,0.007194244604316724
2019-04-05,-0.008333333333333304
2019-04-04,0.0056022408963585235
2019-04-03,0.005968961400716344
2019-04-02,-0.022151898734177222
2019-04-01,0.012540453074433744
2019-03-29,-0.03835397522972439
2019-03-28,-0.006647278770253395
2019-03-27,-0.004182350480970376
2019-03-26,0.018479630407391978
2019-03-25,-0.008247422680412342
2019-03-22,0.013305613305613306
2019-03-21,0.04185473943373008
2019-03-20,-0.005907837731390364
2019-03-19,0.03724247226624411
2019-03-18,-0.0049656226126814085
2019-03-15,-0.005374280230326267
2019-03-14,0.015052103434967101
2019-03-13,-0.0019011406844106071
2019-03-12,-0.00952380952380949
2019-03-11,0.015769230769230758
2019-03-08,-0.004165088981446519
2019-03-07,0.0041825095057035355
2019-03-06,0.019689511548655725
2019-03-05,0.009654660230226542
2019-03-04,0.0018389113644723398
2019-03-01,0.012848751835535799
2019-02-28,-0.015222906850308027
2019-02-27,-0.011409642988590374
2019-02-26,-0.017870439314966458
2019-02-25,0.011372251705837888
2019-02-22,-0.005247376311844132
2019-02-21,0.015448379804069212
2019-02-20,-0.017439703153988795
2019-02-19,-0.004531722054380682
2019-02-18,0.014036418816388396
2019-02-15,-0.0033670033670033517
2019-02-14,-0.0033783783783785104
2019-02-13,0.02033898305084758
2019-02-12,-0.008490217792543442
2019-02-11,-0.011913626209977712
2019-02-08,-0.007535795026375247
2019-02-07,0.008731966590736606
2019-02-06,0.016183665788483292
2019-02-05,0.001481481481481417
2019-02-04,0.007766272189348999
2019-02-01,-0.015045871559632995
2019-01-31,-0.01900149031296583
2019-01-30,0.017090770983668735
2019-01-29,0.011949215832711024
2019-01-28,0.014022140221402246
2019-01-25,0.004002911208151216
2019-01-24,-0.015585357013410572
2019-01-23,0.012518409425625876
2019-01-22,-0.003272727272727205
2019-01-21,0.011674571324334249
2019-01-18,0.005409304002884863
2019-01-17,-0.013629842180774676
2019-01-16,-0.008363636363636462
2019-01-15,-0.0033003300330032292
2019-01-14,-0.004415011037527616
2019-01-11,-0.002586844050258774
2019-01-10,0.017413856984068277
2019-01-09,-0.012381646030589888
2019-01-08,0.006637168141592875
2019-01-07,-0.01172161172161168
2019-01-04,-0.01111934766493694
2019-01-03,-0.0434782608695653
2019-01-02,0.031739811912225635
2019-01-01,0.02012913026965446
2018-12-31,0.0
2018-12-28,0.011169024571854091
2018-12-27,0.02135493372606767
2018-12-26,0.012977649603460817
2018-12-25,-0.020996441281138867
2018-12-24,-0.0050890585241729624
2018-12-21,0.01863354037267073
2018-12-20,0.007173601147776099
2018-12-19,-0.01638176638176636
2018-12-18,0.02208544532947143
2018-12-17,0.0120439249025861
2018-12-14,0.013300665033251668
2018-12-13,0.006217616580310725
2018-12-12,-0.000686577411603051
2018-12-11,-0.01099278598419784
2018-12-10,-0.005557485237929871
2018-12-07,-0.0017464198393293273
2018-12-06,0.011896431070678837
2018-12-05,0.008644536652835377
2018-12-04,-0.0006856359273225143
2018-12-03,0.017495711835334493
2018-11-30,0.009103169251517107
2018-11-29,0.01303040427664559
2018-11-28,0.009564643799472305
2018-11-27,-0.0006533812479581069
2018-11-26,0.0
2018-11-23,-0.004249754821837315
2018-11-22,0.006237688772160244
2018-11-21,0.0
2018-11-20,-0.0013050570962479524
2018-11-19,0.000653381247958329
2018-11-16,0.0006529546196538671
2018-11-15,0.014681892332789603
2018-11-14,0.0054662379421221985
2018-11-13,0.004477134633834368
2018-11-12,0.003183699458771061
2018-11-09,0.011107584893684574
2018-11-08,0.016635279347143817
2018-11-07,-0.000617474529175599
2018-11-06,-0.001853568118628468
2018-11-05,-0.00928505106778077
2018-11-02,0.005935645110902943
2018-11-01,-0.026708074534161574
2018-10-31,0.004786215698787455
2018-10-30,-0.009526833915528665
2018-10-29,-0.009618467457518487
2018-10-26,-0.0038847523470378897
2018-10-25,0.015924601884952816
2018-10-24,-0.004798464491362675
2018-10-23,0.01928640308582441
2018-10-22,0.009145380006307269
2018-10-19,-0.0012499999999999734
2018-10-18,-0.005944931163955003
2018-10-17,0.009442870632672351
2018-10-16,-0.013719987527284094
2018-10-15,-0.0022130888397090542
2018-10-12,0.0034854245880859835
2018-10-11,-0.006630880959898944
2018-10-10,0.008900190718372558
2018-10-09,0.0100819155639571
2018-10-08,0.007797878976918193
2018-10-05,0.0006190034045188142
2018-10-04,-0.01422827095576873
2018-10-03,-0.0018826482585503346
2018-10-02,-0.03772398616787176
2018-10-01,0.008167265599477336
2018-09-28,-0.006804925469863887
2018-09-27,-0.0029363784665579207
2018-09-26,-0.002617801047120394
2018-09-25,0.01640419947506566
2018-09-24,-0.0029051000645577973
2018-09-21,-0.007445775331822668
2018-09-20,-0.00032615786040435246
2018-09-19,0.00032626427406201586
2018-09-18,-0.0029354207436398383
2018-09-17,-0.02060843964671233
2018-09-14,0.002004008016031955
2018-09-13,-0.0086666666666666
2018-09-12,-0.003362474781439251
2018-09-11,0.005735492577597867
2018-09-10,-0.0154310634015431
2018-09-07,0.0013628620102215105
2018-09-06,-0.02075535896563452
2018-09-05,0.009034051424600342
2018-09-04,-0.0020661157024792765
2018-09-03,-0.012422360248447228
2018-08-31,-0.0006988120195667857
2018-08-30,-0.00034965034965028785
2018-08-29,0.009443861490031624
2018-08-28,-0.0006930006930008226
2018-08-27,-0.013176144244105292
2018-08-24,-0.011595221363316921
2018-08-23,0.00533238535371483
2018-08-22,-0.0024752475247523664
2018-08-21,0.007444168734491274
2018-08-20,-0.008092892329345625
2018-08-17,0.0159631074849238
2018-08-16,0.0020949720670391248
2018-08-15,-0.002090592334494823
2018-08-14,0.012569832402234749
2018-08-13,-0.00793103448275867
2018-08-10,-0.0013903371567604017
2018-08-09,0.019491820396797532
2018-08-08,0.011949470809149876
2018-08-07,0.004385964912280604
2018-08-06,-0.010749076251259648
2018-08-03,0.0020373514431240025
2018-08-02,0.011860386309725524
2018-08-01,0.00602813127930335
2018-07-31,-0.013981358189081194
2018-07-30,0.004388926401080351
2018-07-27,-0.005714285714285672
2018-07-26,0.008113590263691739
2018-07-25,-0.003018108651911544
2018-07-24,-0.0077362933064243355
2018-07-23,0.003389830508474523
2018-07-20,-0.02195945945945943
2018-07-19,-0.01968911917098448
2018-07-18,0.013037350246652535
2018-07-17,-0.00521739130434784
2018-07-16,-0.0013986013986013734
2018-07-13,-0.009453781512604897
2018-07-12,0.007069635913750538
2018-07-11,-0.003159003159003304
2018-07-10,0.00950704225352128
2018-07-09,-0.0031391698639692267
2018-07-06,-0.011896431070678837
2018-07-05,0.0031869688385270933
2018-07-04,0.0031768443346276154
2018-07-03,-0.003166783954961283
2018-07-02,0.013413342746205315
2018-06-29,-0.003831417624521105
2018-06-28,-0.006993006993006978
2018-06-27,-0.004577464788732333
2018-06-26,0.0176865935620798
2018-06-25,0.001737921445950752
2018-06-22,0.004510756419153328
2018-06-21,0.001381692573402482
2018-06-20,0.01310796826491889
2018-06-19,-0.013619339462036084
2018-06-18,0.006903693476009609
2018-06-15,0.0017140898183065634
2018-06-14,0.004449007529089721
2018-06-13,0.013287904599659228
2018-06-12,-0.003362474781439251
2018-06-11,-0.004048582995951455
2018-06-08,-0.0013550135501354532
2018-06-07,-0.008819538670284843
2018-06-06,0.017796030116358663
2018-06-05,-0.01613987895090785
2018-06-04,0.0061517429938482415
2018-06-01,-0.014266304347826053
2018-05-31,-0.01447277739490016
2018-05-30,-0.0010489510489509746
2018-05-29,-0.023451172558627942
2018-05-28,0.03870967741935494
2018-05-25,0.011387163561076497
2018-05-24,0.01569430228590929
2018-05-23,0.005374538125629824
2018-05-22,0.023387905111927898
2018-05-21,-0.00163238654913489
2018-05-18,0.0006540222367561466
2018-05-17,0.017973856209150485
2018-05-16,-0.0035313001605137284
2018-05-15,-0.010309278350515427
2018-05-14,-0.02278645833333337
2018-05-11,-0.010659560293137749
2018-05-10,-0.0020202020202021442
2018-05-09,0.014170040485829816
2018-05-08,-0.01131071190951427
2018-05-07,-0.006729475100942128
2018-05-04,-0.0003387533875338633
2018-05-03,-0.0010166045408336322
2018-05-02,0.009497964721845387
2018-05-01,-0.0026881720430107503
2018-04-30,-0.004380053908355719
2018-04-27,0.001353637901861271
2018-04-26,0.00811084825954711
2018-04-25,0.0164264163593697
2018-04-24,-0.01055408970976257
2018-04-23,-0.0076666666666667105
2018-04-20,-0.0057104467584816465
2018-04-19,-0.015540540540540437
2018-04-18,-0.013383665065202499
2018-04-17,-0.01565217391304341
2018-04-16,-0.00035335689045934426
2018-04-13,-0.0014139271827501299
2018-04-12,0.006371681415929142
2018-04-11,-0.022511431586352493
2018-04-10,0.007916516732637824
2018-04-09,-0.007140307033202453
2018-04-06,-0.0021574973031284195
2018-04-05,0.021261261261261266
2018-04-04,-0.00917431192660556
2018-04-03,-0.00961538461538447
2018-04-02,-0.017259978425027023
2018-03-29,0.0029271862422246553
2018-03-28,0.015322874863188618
2018-03-27,-0.002874595759971288
2018-03-26,0.027747747747747686
2018-03-23,-0.013674614305750232
2018-03-22,0.00355492356914322
2018-03-21,0.020545518951470054
2018-03-20,0.006594932315168389
2018-03-19,-0.01551724137931032
2018-03-16,-0.003502626970227629
2018-03-15,-0.006678383128295273
2018-03-14,-0.002476999292285953
2018-03-13,0.00886839304717979
2018-03-12,0.007735583684950864
2018-03-09,0.010467550593161068
2018-03-08,-0.013466850828729227
2018-03-07,0.008400420021000832
2018-03-06,0.001735508503991845
2018-03-05,-0.0010395010395011228
2018-03-02,-0.005202913631633721
2018-03-01,-0.01987447698744771
2018-02-28,0.018854500177872602
2018-02-27,0.012918994413407825
2018-02-26,-0.012754222681833793
2018-02-23,0.0006983240223463749
2018-02-22,0.018492672714584657
2018-02-21,0.01130524152106882
2018-02-20,-0.020663956639566328
2018-02-19,-0.0006918021445867506
2018-02-16,-0.005538248528902612
2018-02-15,0.011486251305255823
2018-02-14,0.002408809359944808
2018-02-13,-0.027463096464126258
2018-02-12,0.009177550300035309
2018-02-09,-0.0006995452955578241
2018-02-08,-0.010150507525376384
2018-02-07,0.0021216407355022504
2018-02-06,-0.010232886379675343
2018-02-05,-0.034224598930481354
2018-02-02,0.04872646733111852
2018-02-01,-0.020767335445265767
2018-01-31,-0.024802300503235064
2018-01-30,0.0040545521562846965
2018-01-29,-0.009177679882525824
2018-01-26,-0.01444979622082243
2018-01-25,-0.013533834586466176
2018-01-24,0.009146341463414531
2018-01-23,-0.011706948640483383
2018-01-22,0.014902560183416291
2018-01-19,0.0018825301204818956
2018-01-18,-0.013904547162720715
2018-01-17,-0.014100609756097504
2018-01-16,-0.018554310011596464
2018-01-15,0.005120126033871575
2018-01-12,-0.0007836990595612159
2018-01-11,-0.00509803921568619
2018-01-10,0.008671659440283808
2018-01-09,-0.003126221180148492
2018-01-08,-0.02783222265778129
2018-01-05,-0.001612903225806428
2018-01-04,-0.009289176090468532
2018-01-03,-0.0032613126783530566
2018-01-02,0.006543967280163709
2018-01-01,-0.022754977651361252
2017-12-29,0.0
2017-12-28,0.012058212058212225
2017-12-27,-0.009038619556286043
2017-12-26,0.025704809286899
2017-12-25,0.007275666936135794
2017-12-22,-0.002808988764045006
2017-12-21,-0.0004024144869214652
2017-12-20,0.00523349436392917
2017-12-19,-0.015218261914297093
2017-12-18,-0.026433509556730406
2017-12-16,-0.017961570593149623
2017-12-15,0.0
2017-12-14,-0.0008507018290088153
2017-12-13,-0.00042571306939132025
2017-12-12,0.023424190800681588
2017-12-11,-0.00540990428630872
2017-12-08,-0.005020920502092019
2017-12-07,-0.006728343145500415
2017-12-06,-0.009314140558848494
2017-12-05,0.005555555555555758
2017-12-04,0.008074798130046634
2017-12-01,-0.003794266441821237
2017-11-30,0.022005924672027
2017-11-29,-0.011180124223602594
2017-11-28,-0.025963149078726877
2017-11-27,0.002149613069647449
2017-11-24,0.0038610038610038533
2017-11-23,-0.005982905982905851
2017-11-22,-0.00257953568357705
2017-11-21,0.016379310344827758
2017-11-20,0.004240882103477395
2017-11-17,-0.009712837837837718
2017-11-16,0.012793176972281328
2017-11-15,-0.020631578947368445
2017-11-14,0.021066208082545
2017-11-13,0.013473684210526304
2017-11-10,-0.002077274615704172
2017-11-09,-0.025811823480433094
2017-11-08,-0.002564102564102444
2017-11-07,-0.007712082262210873
2017-11-06,0.0008635578583766623
2017-11-03,0.006039689387402847
2017-11-02,0.007289879931389409
2017-11-01,0.009791400595998256
2017-10-31,0.002529510961214232
2017-10-30,-0.003364171572750263
2017-10-27,0.018987341772151778
2017-10-26,0.019875776397515477
2017-10-25,-0.01136825010150222
2017-10-24,-0.005749486652977476
2017-10-23,-0.021065675340768197
2017-10-20,0.005485232067510504
2017-10-19,-0.027276542173730545
2017-10-18,0.011647972389991379
2017-10-17,-0.018336886993603474
2017-10-16,0.0013032145960034658
2017-10-13,-0.013015184381778844
2017-10-12,0.020219780219780326
2017-10-11,0.013787160706592028
2017-10-10,0.0008499787505311662
2017-10-09,0.002547770700636942
2017-10-06,0.0
2017-10-05,-0.005506141465480896
2017-10-04,-0.010647359454855176
2017-10-03,0.0008609556607834801
2017-10-02,0.006881720430107485
2017-09-29,-0.0008543357539514407
2017-09-28,-0.01282599401453599
2017-09-27,0.0004330879168470414
2017-09-26,-0.03203463203463197
2017-09-25,-0.0062611806797854275
2017-09-22,0.013951395139514045
2017-09-21,0.011096316023080366
2017-09-20,-0.0021949078138717715
2017-09-19,-0.01187857457105157
2017-09-18,-0.005342831700801409
2017-09-15,-0.0143240823634736
2017-09-14,-0.006811989100817484
2017-09-13,0.0032007315957933713
2017-09-12,-0.01230628988149507
2017-09-11,-0.015228426395939021
2017-09-08,-0.03748828491096534
2017-09-07,-0.0058422590068160085
2017-09-06,0.03134182174338895
2017-09-05,-0.020417853751186987
2017-09-03,0.04992729035385346
2017-09-01,0.0
2017-08-31,-0.020775623268697974
2017-08-30,0.007072135785007205
2017-08-29,-0.0032771535580524702
2017-08-28,0.014091122592766459
2017-08-25,0.004631773969430375
2017-08-24,0.012448132780082943
2017-08-23,-0.012295081967213184
2017-08-22,0.022130013831258566
2017-08-21,-0.015336039693279346
2017-08-18,0.006413192853870875
2017-08-17,-0.005461993627674078
2017-08-16,0.01876430205949653
2017-08-15,0.021114106019766377
2017-08-14,-0.021557413110426693
2017-08-11,-0.014838129496403063
2017-08-10,0.0045641259698767644
2017-08-09,0.021808268968650735
2017-08-08,0.005780346820809301
2017-08-07,-0.002210433244915988
2017-08-04,0.003101462117855336
2017-08-03,-0.019876325088339142
2017-08-02,0.023433979269941396
2017-08-01,-0.007926023778071278
2017-07-31,0.019085663559698096
2017-07-28,-0.00217770034843201
2017-07-27,0.01222173723264941
2017-07-26,-0.011211729193617903
2017-07-25,0.017008286088094016
2017-07-24,-0.03216123499142354
2017-07-21,-0.00886132033673015
2017-07-20,0.008940545373267828
2017-07-19,0.006202924235711116
2017-07-18,-0.004403346543372821
2017-07-17,0.0234409553295003
2017-07-14,0.007778738115816752
2017-07-13,0.006861063464836947
2017-07-12,-0.012350936967632009
2017-07-11,0.018111254851228997
2017-07-10,0.0050825921219821435
2017-07-07,0.0054782975136957734
2017-07-06,-0.007544006705783812
2017-07-05,-0.017314189189189144
2017-07-04,0.003008165019338316
2017-07-03,0.005998286203941605
2017-07-01,-0.01873935264054516
2017-06-30,0.0
2017-06-29,-0.01605902777777779
2017-06-28,-0.018085575650639618
2017-06-27,-0.010332434860736761
2017-06-26,-0.030866999546073526
2017-06-23,0.004215456674473206
2017-06-22,0.001865671641791078
2017-06-21,0.007914338919925434
2017-06-20,-0.003695150115473389
2017-06-19,0.01576263328697247
2017-06-16,-0.01734367868553166
2017-06-15,0.00510915002322343
2017-06-14,-0.017097966728281122
2017-06-13,0.03949224259520445
2017-06-12,0.0013568521031208647
2017-06-09,-0.005420054200542035
2017-06-08,-0.004541326067211582
2017-06-07,-0.007299270072992692
2017-06-06,-0.014246323529411797
2017-06-05,0.017715617715617693
2017-06-02,-0.010994044892350008
2017-06-01,0.025011579434923714
2017-05-31,-0.0031631269769544224
2017-05-30,0.0009066183136900996
2017-05-29,0.015851449275362084
2017-05-26,0.0031208203299153414
2017-05-25,0.0022222222222221255
2017-05-24,-0.001330376940133049
2017-05-23,0.013321492007104974
2017-05-22,-0.013146362839614456
2017-05-19,-0.007548845470692678
2017-05-18,-0.0031319910514540084
2017-05-17,-0.0022441651705567
2017-05-16,0.04633378317588854
2017-05-15,0.007308684436801327
2017-05-12,-0.0072556551429791005
2017-05-11,0.02880481513327582
2017-05-10,0.007521938988717114
2017-05-09,-0.005391953546246331
2017-05-08,-0.0037531276063387242
2017-05-05,-0.015906236919213
2017-05-04,0.00042535091450446316
2017-05-03,-0.012755102040816202
2017-05-02,-0.015073212747631404
2017-05-01,0.015303891560997096
2017-04-28,-0.014211886304909549
2017-04-27,0.004805591961555056
2017-04-26,0.0013043478260870156
2017-04-25,0.013460703430308252
2017-04-24,-0.0261353898886032
2017-04-22,-0.01187857457105157
2017-04-21,0.0
2017-04-20,-0.0044523597506677115
2017-04-19,-0.008944543828264817
2017-04-18,-0.019855595667870096
2017-04-17,0.03499079189686927
2017-04-13,-0.007117437722419906
2017-04-12,0.005376344086021501
2017-04-11,0.024064171122994527
2017-04-10,0.02959094865100087
2017-04-07,0.006762468300929747
2017-04-06,-0.017212426532325797
2017-04-05,-0.0008543357539514407
2017-04-04,0.01068832834544664
2017-04-03,-0.017343485617597243
2017-03-31,0.028411536805854398
2017-03-30,0.013394725826705756
2017-03-29,-0.016935150764146978
2017-03-28,0.01680672268907557
2017-03-27,-0.017355371900826366
2017-03-24,0.016820857863750982
2017-03-23,0.0
2017-03-22,-0.006203473945409432
2017-03-21,0.00540990428630872
2017-03-20,0.019453642384106073
2017-03-18,0.015022330491270885
2017-03-17,0.0
2017-03-16,0.014799999999999924
2017-03-15,-0.014584154513204495
2017-03-14,0.04079999999999995
2017-03-13,0.009223674096848544
2017-03-10,-0.019421172886519344
2017-03-09,0.013203883495145563
2017-03-08,-0.01878114220007665
2017-03-07,-0.016406250000000067
2017-03-06,-0.009531374106433566
2017-03-03,-0.004811547714514863
2017-03-02,-0.0004029008863820627
2017-03-01,-0.009270455461507288
2017-02-28,-0.024816924328722734
2017-02-27,-0.012515644555694538
2017-02-24,-0.021968736797634114
2017-02-23,0.02591792656587466
2017-02-22,0.01684210526315799
2017-02-21,0.0066252587991717515
2017-02-20,0.002056766762648987
2017-02-17,-0.006568144499178974
2017-02-16,0.011157024793388537
2017-02-15,0.020433183489987572
2017-02-14,-0.010012014417300708
2017-02-13,-0.014563106796116498
2017-02-10,-0.011083743842364546
2017-02-09,-0.00498132004981322
2017-02-08,-0.02377972465581979
2017-02-07,0.024358974358974272
2017-02-06,0.008343763037129692
2017-02-03,0.020686801820438694
2017-02-02,0.0028374543980542732
2017-02-01,0.0012126111560224473
2017-01-31,-0.004440855874041083
2017-01-30,0.009732360097323589
2017-01-27,-0.0016064257028112205
2017-01-26,0.01045856798069189
2017-01-25,0.0011942675159235527
2017-01-24,-0.01988071570576555
2017-01-23,-0.025963488843813387
2017-01-20,0.027488546438983796
2017-01-19,0.001216051884880498
2017-01-18,-0.01700404858299609
2017-01-17,-0.042421746293245355
2017-01-16,0.0227956989247311
2017-01-13,0.008410428931875602
2017-01-12,-0.015429524603836509
2017-01-11,0.003811944091486552
2017-01-10,0.0033755274261604296
2017-01-09,-0.004205214465937912
2017-01-06,0.0223817567567568
2017-01-05,-0.030152829409334947
2017-01-04,0.03960817717206133
2017-01-03,0.0028676771814830637
2017-01-02,-0.0008169934640521737
2016-12-30,0.0
2016-12-29,0.01267375306623042
2016-12-28,0.014129995962858244
2016-12-27,0.019506369426751657
2016-12-26,-0.007028504490433352
2016-12-23,0.0
2016-12-22,0.003932363350373391
2016-12-21,-0.005875440658049458
2016-12-20,0.008668242710796026
2016-12-19,-0.006249999999999978
2016-12-16,0.021619496855346032
2016-12-15,0.0026933435936897787
2016-12-14,-0.0149654643131234
2016-12-13,-0.03661862095831725
2016-12-12,0.0016174686615446632
2016-12-09,-0.004440855874041083
2016-12-08,-0.02311435523114369
2016-12-07,-0.026982150269821537
2016-12-06,0.020477815699658786
2016-12-05,0.003762541806020092
2016-12-02,-0.0037484381507704168
2016-12-01,0.02591973244147172
2016-11-30,-0.026079869600652006
2016-11-29,-0.04058577405857744
2016-11-28,0.008286088094199506
2016-11-25,0.020328719723183397
2016-11-24,0.009749894022891059
2016-11-23,-0.01133501259445846
2016-11-22,-0.017409766454352438
2016-11-21,0.0
2016-11-18,0.014693171996542631
2016-11-17,-0.021720613287904533
2016-11-16,-0.036134087940792425
2016-11-15,0.0072267389340561206
2016-11-14,0.010762331838565009
2016-11-10,-0.051464063886424216
2016-11-09,-0.03274087932647329
2016-11-08,-0.10154738878143132
2016-11-07,-0.016146393972012896
2016-11-04,-0.027352297592997843
2016-11-03,0.017997750281214975
2016-11-02,-0.004972375690607822
2016-11-01,0.014436424208772891
2016-10-31,-0.0005473453749315071
2016-10-28,0.012595837897042772
2016-10-27,0.0005408328826392861
2016-10-26,-0.03189189189189201
2016-10-25,-0.018425460636515845
2016-10-24,0.004550625711035261
2016-10-21,-0.016987542468856143
2016-10-20,0.011520737327189057
2016-10-19,-0.005125284738040969
2016-10-18,-0.004006868918145501
2016-10-17,0.016091954022988464
2016-10-15,0.020927601809954677
2016-10-14,0.0
2016-10-13,-0.032686980609418215
2016-10-12,0.014318442153493649
2016-10-11,-0.0022586109542631627
2016-10-10,-0.0011318619128466434
2016-10-07,-0.023796033994334165
2016-10-06,0.009286128845037656
2016-10-05,-0.018976423231742423
2016-10-04,-0.009378663540445475
2016-10-03,-0.03727810650887575
2016-09-30,-0.01782421634910869
2016-09-29,-0.0250312891113893
2016-09-28,0.00898587933247752
2016-09-27,-0.007633587786259555
2016-09-26,0.01538461538461533
2016-09-24,0.022727272727272707
2016-09-23,0.0
2016-09-22,-0.0012345679012345512
2016-09-21,0.022867737948083944
2016-09-20,0.02296072507552882
2016-09-19,0.008269344359125741
2016-09-17,-0.007615700058582364
2016-09-16,0.0
2016-09-15,0.0023612750885477762
2016-09-14,0.0
2016-09-13,0.018256772673733934
2016-09-12,-0.036437246963562875
2016-09-09,0.005402160864345751
2016-09-08,-0.044179104477611975
2016-09-07,-0.040599625234228554
2016-09-06,0.0
2016-09-05,0.04752604166666674
2016-09-02,-0.0012430080795524656
2016-09-01,-0.02426882389545737
2016-08-31,0.0063775510204082675
2016-08-30,-0.005069708491761693
2016-08-29,-0.00445859872611476
2016-08-26,0.04158669225847733
2016-08-25,-0.03071253071253055
2016-08-24,-0.009505703422053258
2016-08-23,-0.010876519513755567
2016-08-22,-0.001293661060802087
2016-08-19,0.023316062176165886
2016-08-18,-0.029113924050632956
2016-08-17,0.009778357235984192
2016-08-16,0.016785022595222632
2016-08-15,-0.010793650793650689
2016-08-13,-0.030808729139923052
2016-08-12,0.0
2016-08-11,0.033774834437086065
2016-08-10,-0.030749519538757264
2016-08-09,0.023793787177792458
2016-08-08,0.02775984506132989
2016-08-06,-0.0012562814070351536
2016-08-05,0.0
2016-08-04,-0.05471698113207557
2016-08-03,0.027944111776447178
2016-08-02,0.005825242718446644
2016-08-01,-0.02187902187902191
2016-07-29,-0.046052631578947456
2016-07-28,0.040000000000000036
2016-07-27,-0.003315649867374093
2016-07-26,0.03992015968063867
2016-07-25,0.007677543186180413
2016-07-22,-0.005714285714285672
2016-07-21,-0.0063856960408684715
2016-07-20,0.015424164524421524
2016-07-19,-0.013924050632911356
2016-07-18,0.015404364569961526
2016-07-15,-0.015170670037926715
2016-07-14,-0.013478818998716391
2016-07-13,-0.041639557579700615
2016-07-12,0.023082145281737798
2016-07-11,-0.05109489051094884
2016-07-08,-0.05034965034965022
2016-07-07,0.01988217967599404
2016-07-06,-0.008664259927797846
2016-07-05,0.0014566642388929019
2016-07-04,0.04800000000000004
2016-07-01,0.010409437890353868
2016-06-30,0.013049450549450725
2016-06-29,0.028474576271186214
2016-06-28,-0.03427818061964394
2016-06-27,-0.01433447098976115
2016-06-24,0.0817174515235457
2016-06-23,0.11651728553137009
2016-06-22,-0.03268348623853212
2016-06-21,0.01304090100770594
2016-06-20,-0.018139262726740824
2016-06-17,-0.03992848629320622
2016-06-16,-0.019863438857852245
2016-06-15,-0.002533248891703588
2016-06-14,0.02412698412698422
2016-06-13,0.0
2016-06-10,0.019218846869187844
2016-06-09,0.02311435523114347
2016-06-08,0.013079667063020217
2016-06-07,0.007042253521126751
2016-06-06,0.012237762237762295
2016-06-03,-0.020149683362118642
2016-06-02,0.056991774383078786
2016-06-01,0.022234574763757564
2016-05-31,0.006525285481239873
2016-05-30,0.005942733657482435
2016-05-27,-0.005907626208378147
2016-05-26,-0.011345218800648205
2016-05-25,0.022950819672131084
2016-05-24,-0.003739316239316337
2016-05-23,-0.01608579088471851
2016-05-20,0.004904632152588517
2016-05-19,0.0016268980477223138
2016-05-18,0.006497022198159286
2016-05-17,-0.04679935449166217
2016-05-16,-0.008465011286681756
2016-05-13,-0.03130335799658501
2016-05-12,0.027027027027026973
2016-05-11,-0.007437070938214996
2016-05-10,0.010951008645533111
2016-05-09,-0.0017103762827822555
2016-05-06,0.0159908623643632
2016-05-05,-0.02079820123664977
2016-05-04,0.020091848450057403
2016-05-03,0.010692177827799743
2016-05-02,0.04231625835189323
2016-04-29,-0.019764957264957306
2016-04-28,-0.0059945504087193235
2016-04-27,0.015350877192982448
2016-04-26,0.04265658747300205
2016-04-25,-0.008803728638011488
2016-04-22,-0.012016718913270608
2016-04-21,-0.01374933897408781
2016-04-20,-0.01072386058981234
2016-04-19,-0.03143631436314365
2016-04-18,-0.008953553441522155
2016-04-15,-0.010163749294184066
2016-04-14,0.02224757558471202
2016-04-13,-0.014508928571428603
2016-04-12,0.005662514156285381
2016-04-11,-0.030405405405405483
2016-04-08,-0.0029036004645760505
2016-04-07,-0.01747233546884097
2016-04-06,0.04208654416123303
2016-04-05,-0.021615472127417545
2016-04-04,0.024418604651162745
2016-04-01,0.006810442678774065
2016-03-31,-0.0022547914317925244
2016-03-30,0.03276836158192098
2016-03-29,-0.013129102844638973
2016-03-28,0.043791574279379075
2016-03-24,0.009028146574614926
2016-03-23,-0.011052631578947314
2016-03-22,0.03459286854709953
2016-03-21,-0.01388888888888884
2016-03-18,-0.02086593635889411
2016-03-17,0.011188066062866264
2016-03-16,0.007903055848261342
2016-03-15,0.028750653423941452
2016-03-14,-0.0035569105691056757
2016-03-11,0.009688934217236156
2016-03-10,-0.022222222222222254
2016-03-09,-0.02892561983471076
2016-03-08,-0.026063829787233983
2016-03-07,0.039868924085199264
2016-03-04,-0.014705882352941235
2016-03-03,-0.021855010660980723
2016-03-02,0.0
2016-03-01,-0.004359673024523114
2016-02-29,-0.0487137383689108
2016-02-26,0.014959723820483273
2016-02-25,-0.028344671201814053
2016-02-24,0.022170361726954413
2016-02-23,-0.020547945205479423
2016-02-22,0.022727272727272707
2016-02-19,-0.006837606837606702
2016-02-18,-0.0011474469305794432
2016-02-17,0.04307869040781154
2016-02-16,-0.02037444933920718
2016-02-15,-0.003934794828555299
2016-02-12,-0.01467268623024831
2016-02-11,-0.04696449026345939
2016-02-10,0.005408653846153966
2016-02-09,0.03466826060968331
2016-02-08,0.00982091276718644
2016-02-05,0.05434782608695654
2016-02-04,0.0016277807921867282
2016-02-03,0.02004333694474525
2016-02-02,-0.016463090812533165
2016-02-01,0.05291576673866083
2016-01-29,-0.013846153846153841
2016-01-28,0.03068122724908995
2016-01-27,0.010595358224016138
2016-01-26,0.0
2016-01-25,0.0014977533699449541
2016-01-22,0.025423728813559476
2016-01-21,-0.01409820126397665
2016-01-20,-0.01972386587771202
2016-01-19,0.03420523138833009
2016-01-18,-0.005350194552529275
2016-01-15,-0.003911980440097773
2016-01-14,0.026509572901325607
2016-01-13,0.0
2016-01-12,0.006695361071257677
2016-01-11,0.03325415676959609
2016-01-08,-0.027126436781609087
2016-01-07,0.015595463137996202
2016-01-06,0.009771986970684043
2016-01-05,0.03179723502304155
2016-01-04,0.001786511835640825
2015-12-31,0.01159161836825695
2015-12-30,0.011018069634200156
2015-12-29,0.006102877070618851
2015-12-28,-0.03292894280762548
2015-12-24,0.005824372759856589
2015-12-23,0.006236080178173564
2015-12-22,-0.009738822487826426
2015-12-21,-0.018775145283862482
2015-12-18,0.004100227790432953
2015-12-17,0.009528130671506263
2015-12-16,0.03280898876404481
2015-12-15,-0.013054830287206332
2015-12-14,-0.01895943562610214
2015-12-11,-0.041797752808988786
2015-12-10,0.04784240150093799
2015-12-09,-0.010295434198746678
2015-12-08,0.004975124378109541
2015-12-07,0.006300630063006407
2015-12-04,0.016547406082289662
2015-12-03,0.02111746590409158
2015-12-02,-0.06161137440758302
2015-12-01,-0.015151515151515138
2015-11-30,0.02937062937062951
2015-11-27,0.006340579710144789
2015-11-26,0.0009000900090010422
2015-11-25,0.004496402877697703
2015-11-24,0.0022381378692926113
2015-11-23,0.001786511835640825
2015-11-20,0.009362460989745802
2015-11-19,-0.007508833922261426
2015-11-18,0.01157098353360042
2015-11-17,-0.002199736031676336
2015-11-16,0.001322751322751392
2015-11-13,0.001761338617349173
2015-11-12,0.01758241758241752
2015-11-11,0.006911447084233302
2015-11-10,0.0021450021450020174
2015-11-09,0.005565068493150749
2015-11-06,-0.010217113665389577
2015-11-05,-0.03827956989247305
2015-11-04,-0.004025044722719251
2015-11-03,-0.004041311180960849
2015-11-02,-0.018935978358881833
2015-10-30,-0.01378676470588247
2015-10-29,0.012115563839701915
2015-10-28,-0.03268876611418059
2015-10-27,-0.030461684911946674
2015-10-26,0.010309278350515427
2015-10-23,0.014091350826044957
2015-10-22,-0.028270244369908992
2015-10-21,0.0
2015-10-20,0.02021696252465488
2015-10-19,-0.02223296278395348
2015-10-16,0.005931784478497182
2015-10-15,-0.007862407862407883
2015-10-14,-0.02179296681525511
2015-10-13,0.03392405063291126
2015-10-12,0.013712047012732542
2015-10-09,0.009661835748792313
2015-10-08,0.00574162679425827
2015-10-07,-0.01760228353948612
2015-10-06,-0.014527845036319542
2015-10-05,0.011302211302211207
2015-10-03,-0.03255587949465488
2015-10-02,0.0
2015-10-01,0.025615268709191286
2015-09-30,-0.003428011753182969
2015-09-29,0.01228501228501222
2015-09-28,0.01844660194174752
2015-09-25,0.0324118207816968
2015-09-24,-0.01754385964912275
2015-09-23,0.010808270676691656
2015-09-22,-0.008833100883309908
2015-09-21,0.031425891181988685
2015-09-18,-0.029558890404729365
2015-09-17,0.027179006560450025
2015-09-16,0.04744525547445244
2015-09-15,-0.0017421602787456303
2015-09-14,-0.047556719022687655
2015-09-11,0.001832340815391742
2015-09-10,0.018289894833104725
2015-09-09,-0.014369106421194489
2015-09-08,-0.004100227790432731
2015-09-07,-0.0160109789569991
2015-09-04,-0.009298000929800154
2015-09-03,0.015016424213984081
2015-09-02,0.0115580212667592
2015-09-01,-0.013254113345521179
2015-08-31,0.02547475683186673
2015-08-28,-0.013550135501354976
2015-08-27,0.0032051282051279717
2015-08-26,-0.005020538566864352
2015-08-25,-0.046788990825688215
2015-08-24,-0.031761308950914224
2015-08-21,0.01640159045725631
2015-08-20,0.013691931540342317
2015-08-19,0.027013989387361326
2015-08-18,0.029591357444809896
2015-08-17,-0.010036496350365076
2015-08-14,0.014285714285714457
2015-08-13,-0.005452067242162628
2015-08-12,-0.018730013704888027
2015-08-11,-0.002327746741154768
2015-08-10,0.041530564629024935
2015-08-07,-0.029569892473118364
2015-08-06,0.02816251154201299
2015-08-05,0.01930848675348007
2015-08-04,-0.020704845814978
2015-08-03,-0.032838506522717026
2015-07-31,0.017209302325581266
2015-07-30,0.03200731595793327
2015-07-29,0.014178112538768328
2015-07-28,-0.017038007863696025
2015-07-27,-0.015111111111111075
2015-07-24,0.02075812274368216
2015-07-23,0.0030946065428825165
2015-07-22,0.02556192155134407
2015-07-21,0.001718951439621863
2015-07-20,0.021021021021021102
2015-07-18,-0.013865546218487346
2015-07-17,0.0
2015-07-16,0.0038346825734980605
2015-07-15,0.0
2015-07-14,0.017402376910016892
2015-07-13,0.020442219440968135
2015-07-10,-0.01839738348323805
2015-07-09,-0.03498542274052463
2015-07-08,-0.05179110919292196
2015-07-07,0.026399635867091487
2015-07-06,0.015521064301552201
2015-07-02,0.04192139737991263
2015-07-01,0.017183570829840678
2015-06-30,-0.03213844252163156
2015-06-29,-0.008939974457215949
2015-06-26,0.06271477663230263
2015-06-25,-0.025060630557801278
2015-06-24,-0.016169154228855565
2015-06-23,0.017277707543194243
2015-06-22,-0.0165700082850041
2015-06-19,-0.04759898904802018
2015-06-18,0.03228659885006624
2015-06-17,-0.005998286203941827
2015-06-16,-0.004741379310344684
2015-06-15,0.022087483759202886
2015-06-12,0.01271186440677985
2015-06-11,-0.003765690376569153
2015-06-10,0.04409911801763977
2015-06-09,-0.017699115044247815
2015-06-08,-0.02457002457002455
2015-06-05,0.011335012594458238
2015-06-04,-0.04151100041510991
2015-06-03,0.02252057167605015
2015-06-02,-0.040237187632359284
2015-06-01,-0.03662842012356582
2015-05-30,-0.027485112230874797
2015-05-29,0.0
2015-05-28,0.005652378709373407
2015-05-27,-0.0023419203747072626
2015-05-26,0.005633802816901401
2015-05-25,0.028944911297852594
2015-05-22,0.004990925589836603
2015-05-21,-0.009029345372460473
2015-05-20,0.028246013667426073
2015-05-19,0.014621178555604741
2015-05-18,-0.024454148471615755
