Date,Carry_Z
2015-09-14,0.08849681571686101
2015-09-15,0.13833297266247863
2015-09-16,0.13408239972298872
2015-09-17,0.17475881120655912
2015-09-18,0.01611353075157265
2015-09-21,-0.057616440036092266
2015-09-22,0.008416551405355069
2015-09-23,0.19536578046802375
2015-09-24,0.22378798417360585
2015-09-25,0.16384309524816607
2015-09-28,0.07881685746687576
2015-09-29,0.02803539203504853
2015-09-30,-0.01763981951757761
2015-10-01,0.12410058307824193
2015-10-02,0.1744477018674929
2015-10-05,0.2303721199183689
2015-10-06,0.2401332668003572
2015-10-07,0.31491901124776944
2015-10-08,0.3270383145062117
2015-10-09,0.3943196856825539
2015-10-12,0.36941638655353737
2015-10-13,0.45755497977922555
2015-10-14,0.4015644521404526
2015-10-15,0.3839552480563439
2015-10-16,0.22353248856352276
2015-10-19,0.2659937997543138
2015-10-20,0.2518957632056995
2015-10-21,0.20748221833959693
2015-10-22,0.07859140698287957
2015-10-23,0.13171428381977246
2015-10-26,0.19327728215985923
2015-10-27,0.2624106262923957
2015-10-28,0.1801918487433711
2015-10-29,0.15535088963587834
2015-10-30,0.015558112925774744
2015-11-02,-0.09438776663975577
2015-11-03,-0.17534264632257401
2015-11-04,-0.19594058602326164
2015-11-05,-0.2540075905765973
2015-11-06,-0.3058217389694353
2015-11-09,-0.3419044278618207
2015-11-10,-0.36116341673394275
2015-11-11,-0.44419627981338844
2015-11-12,-0.4757042330182932
2015-11-13,-0.4361727038497972
2015-11-16,-0.45763827971928833
2015-11-17,-0.47296738256771226
2015-11-18,-0.36988259904365245
2015-11-19,-0.367619947578972
2015-11-20,-0.39554207714178335
2015-11-23,-0.3708723157489243
2015-11-24,-0.3836228225938353
2015-11-25,-0.4993046200403943
2015-11-30,-0.28824295281972867
2015-12-01,-0.30810657347253595
2015-12-02,-0.1624961461619931
2015-12-03,-0.008633912383980057
2015-12-04,-0.04194357563888492
2015-12-07,0.038785707876251914
2015-12-08,0.042630657837741476
2015-12-09,0.01730243945963548
2015-12-10,0.05352749561012496
2015-12-11,0.010560048082973157
2015-12-14,0.0019123715821574446
2015-12-15,0.06551858606393887
2015-12-16,0.006580975391224962
2015-12-17,0.08139671029223018
2015-12-18,0.1076453665010869
2015-12-21,0.08339688300782118
2015-12-22,0.10387812827064626
2015-12-23,0.104275797638379
2015-12-24,0.08640327529789948
2015-12-28,0.1555442058507348
2015-12-29,0.0664484051176923
2015-12-30,0.07660027062300258
2015-12-31,0.20036360937177214
2016-01-04,0.17626925909931823
2016-01-05,0.12725567654148578
2016-01-06,0.24569073627034146
2016-01-07,0.197575327908397
2016-01-08,0.18291301655420342
2016-01-11,0.1530925500649502
2016-01-12,0.14348644769292548
2016-01-13,0.1409576935800725
2016-01-14,0.23111552798527915
2016-01-15,0.14555520601142852
2016-01-20,0.24220204326356629
2016-01-21,0.15679675431886841
2016-01-22,0.22840239676578
2016-01-25,0.3220233066658396
2016-01-26,0.26208563729336304
2016-01-27,0.2980236580850215
2016-01-28,0.2984902765014125
2016-01-29,0.3894544200839561
2016-02-01,0.38016551120816355
2016-02-02,0.3658184223934869
2016-02-03,0.41793374749135603
2016-02-04,0.34792087495389773
2016-02-05,0.4123817492647371
2016-02-08,0.45575322927744594
2016-02-09,0.44083246391157127
2016-02-10,0.6323676180147393
2016-02-11,0.5840486800695278
2016-02-12,0.5278458163740515
2016-02-17,0.5051576815093719
2016-02-18,0.43456741756585066
2016-02-19,0.3907441427130487
2016-02-22,0.43921639251363104
2016-02-23,0.45009541906622036
2016-02-24,0.3746301522841572
2016-02-25,0.32339914707423223
2016-02-26,0.36624982540314965
2016-02-29,0.3458014891059938
2016-03-01,0.3259782942919119
2016-03-02,0.3818202318104082
2016-03-03,0.3554485768164201
2016-03-04,0.2550638146015232
2016-03-07,0.24690491269020604
2016-03-08,0.07977352286389554
2016-03-09,0.1287099179093648
2016-03-10,0.09650976768723553
2016-03-11,-0.10133735833751802
2016-03-14,-0.12012028513583732
2016-03-15,-0.012034491779123349
2016-03-16,0.09579105242912062
2016-03-17,0.0041101125115461275
2016-03-18,-0.048117586781722003
2016-03-21,0.04109425073484728
2016-03-22,-0.09078865964956918
2016-03-23,-0.158103061910597
2016-03-24,-0.16151584557910623
2016-03-28,-0.04024641448068012
2016-03-29,-0.11556192842278987
2016-03-30,-0.0778530683645873
2016-03-31,-0.15960685965719928
2016-04-01,-0.23133041037000227
2016-04-04,-0.23623673764853348
2016-04-05,-0.231821696944238
2016-04-06,-0.17794790605149652
2016-04-07,-0.1348444066311461
2016-04-08,-0.1377531995838574
2016-04-11,-0.07993813775773062
2016-04-12,-0.07287380773250228
2016-04-13,-0.09834205453030802
2016-04-14,-0.06450506790040175
2016-04-15,-0.1825338929488146
2016-04-18,-0.07772409638868297
2016-04-19,-0.04096738575815214
2016-04-20,-0.06968375629310465
2016-04-21,-0.05410376062343863
2016-04-22,-0.00943308620329542
2016-04-25,0.0074702873508971845
2016-04-26,-0.02313168366688514
2016-04-27,0.057510395931168926
2016-04-28,0.11354302580219555
2016-04-29,0.17355523931024275
2016-05-02,0.17446213329878618
2016-05-03,0.07904839702667711
2016-05-04,0.09231318794889078
2016-05-05,0.1157803866509794
2016-05-06,0.0015842436672131562
2016-05-09,-0.05323367869066208
2016-05-10,-0.026142635631426065
2016-05-11,0.004222355935105428
2016-05-12,0.08632390637960048
2016-05-13,0.06308312210916737
2016-05-16,0.07101375810291442
2016-05-17,-0.004820242308970443
2016-05-18,-0.07481196055713647
2016-05-19,-0.06682349624745965
2016-05-20,-0.0005060449980595693
2016-05-23,-0.11683896504696818
2016-05-24,-0.146590927032838
2016-05-25,-0.1821249367884466
2016-05-26,-0.24870342639405305
2016-05-27,-0.3237944950649565
2016-06-01,-0.3394609453946211
2016-06-02,-0.166334568618907
2016-06-03,-0.14087636198084239
2016-06-06,-0.21260907616539026
2016-06-07,-0.06401064203932205
2016-06-08,-0.019706117356571757
2016-06-09,-0.04401030298024399
2016-06-10,0.009463135473859532
2016-06-13,0.007408668061392958
2016-06-14,0.002240819357495957
2016-06-15,0.029167488408162606
2016-06-16,0.024720280838032863
2016-06-17,0.0840083771192048
2016-06-20,0.018342115527384545
2016-06-21,0.013146197946732734
2016-06-22,0.067309049416826
2016-06-23,0.23173418475625063
2016-06-24,0.24912206784830768
2016-06-27,0.23696217100815137
2016-06-28,0.2606154403068071
2016-06-29,0.2462716494024461
2016-06-30,0.31027733725176604
2016-07-01,0.25768372416095103
2016-07-06,0.24526473173653426
2016-07-07,0.17473769681454285
2016-07-08,0.12865803644792428
2016-07-11,0.046260694679235805
2016-07-12,0.03254793921722079
2016-07-13,-0.010734509632678302
2016-07-14,-0.028468920814385963
2016-07-15,-0.060236996789370216
2016-07-18,-0.038398962935866275
2016-07-19,-0.07245791836298747
2016-07-20,0.037569820123455354
2016-07-21,0.0197384951732777
2016-07-22,0.031320513090867724
2016-07-25,-0.11157274619331194
2016-07-26,-0.09907430458430917
2016-07-27,-0.027522287400014955
2016-07-28,-0.0030008729773911983
2016-07-29,0.025426631784695737
2016-08-01,0.007945185659563677
2016-08-02,-0.08150812246033075
2016-08-03,-0.09846883562437478
2016-08-04,-0.15702276685157557
2016-08-05,-0.1544225110593811
2016-08-08,-0.12906913655962587
2016-08-09,-0.04175328883771038
2016-08-10,-0.07426633073688678
2016-08-11,-0.05896960480771392
2016-08-12,-0.026802754563520336
2016-08-15,0.0007036304649216012
2016-08-16,-0.03685768984657038
2016-08-17,0.03644780646242317
2016-08-18,-0.041376645253021684
2016-08-19,-0.024668354181777766
2016-08-22,-0.0014166773342065729
2016-08-23,-0.0649061972099408
2016-08-24,-0.10335802301206053
2016-08-25,-0.14699615746950134
2016-08-26,-0.19656551732284805
2016-08-29,-0.24180951994420705
2016-08-30,-0.30200029065998046
2016-08-31,-0.25223817906512225
2016-09-01,-0.22344473365176948
2016-09-02,-0.04827034763486419
2016-09-07,-0.10013620020137973
2016-09-08,-0.14291214643591163
2016-09-09,-0.16817208592206936
2016-09-12,-0.1506066267606245
2016-09-13,-0.15585432439122227
2016-09-14,-0.21722802008076325
2016-09-15,-0.21631850172420197
2016-09-16,-0.21506602704895647
2016-09-19,-0.17285286391506557
2016-09-20,-0.11218823731486358
2016-09-21,-0.07171102806642977
2016-09-22,-0.023223373812073584
2016-09-23,0.006924904543555478
2016-09-26,-0.05220746945204997
2016-09-27,-0.0819461538107151
2016-09-28,-0.03186010820318854
2016-09-29,-0.04838163488760423
2016-09-30,-0.08636919820698645
2016-10-03,-0.26189525471612796
2016-10-04,-0.3599468325935457
2016-10-05,-0.4009830383523882
2016-10-06,-0.37253052530226055
2016-10-07,-0.30674182888880913
2016-10-10,-0.28832098233421577
2016-10-11,-0.28611759028593625
2016-10-12,-0.2750025264911384
2016-10-13,-0.25010997303557847
2016-10-14,-0.21254966414827556
2016-10-17,-0.2116325825148576
2016-10-18,-0.18013697456940442
2016-10-19,-0.23646803620408863
2016-10-20,-0.2809226405405262
2016-10-21,-0.28215666767917325
2016-10-24,-0.24700153809597453
2016-10-25,-0.21676968449726133
2016-10-26,-0.17262575061701352
2016-10-27,-0.1467446490051326
2016-10-28,-0.1217277381051866
2016-10-31,-0.037536507928891766
2016-11-01,0.18920935334260267
2016-11-02,0.17175727407435343
2016-11-03,0.23852588945943975
2016-11-04,0.1366753774582915
2016-11-07,0.0801586374747903
2016-11-08,0.0939330607308573
2016-11-09,0.07236445866466872
2016-11-10,-0.08760036860045875
2016-11-14,-0.07991814816918127
2016-11-15,-0.1074210107305743
2016-11-16,-0.164479478526984
2016-11-17,-0.18638233323382306
2016-11-18,-0.1804821360925874
2016-11-21,-0.15617370119670215
2016-11-22,-0.2878979465427102
2016-11-23,-0.3026987327015296
2016-11-28,-0.29299514587146497
2016-11-29,-0.34715565807622994
2016-11-30,-0.4276788926501106
2016-12-01,-0.4722019213991667
2016-12-02,-0.4527882023823781
2016-12-05,-0.48065526334292275
2016-12-06,-0.3396821758115155
2016-12-07,-0.3376974540991725
2016-12-08,-0.3756277699101605
2016-12-09,-0.32475737063584365
2016-12-12,-0.2069929089363327
2016-12-13,-0.173888617919432
2016-12-14,-0.32721333865650065
2016-12-15,-0.2891264233553881
2016-12-16,-0.23471370126562738
2016-12-19,-0.23713450427294705
2016-12-20,-0.24033717342603303
2016-12-21,-0.2531285352545832
2016-12-22,-0.1438512411495776
2016-12-23,-0.07098450079128557
2016-12-27,-0.1105120609870212
2016-12-28,-0.03160059733537828
2016-12-29,0.013406821036043157
2016-12-30,0.0799028678524275
2017-01-03,0.059954194091796885
2017-01-04,0.13613878731024062
2017-01-05,0.12796521006256797
2017-01-06,0.14529232082142268
2017-01-09,0.16882206776217717
2017-01-10,0.2612868775959925
2017-01-11,0.2557659011304591
2017-01-12,0.26742652208916784
2017-01-13,0.31562381449383575
2017-01-18,0.37177240587571625
2017-01-19,0.3610756276954577
2017-01-20,0.44252125936769326
2017-01-23,0.4199886054608768
2017-01-24,0.3716750996958435
2017-01-25,0.32031892451262817
2017-01-26,0.2876810958999694
2017-01-27,0.308289471716117
2017-01-30,0.29526796906765945
2017-01-31,0.30803034513488925
2017-02-01,0.307072870383204
2017-02-02,0.29686545651287594
2017-02-03,0.27221433618358926
2017-02-06,0.3231289800583501
2017-02-07,0.2856424199793039
2017-02-08,0.27038388960270604
2017-02-09,0.21756309518288736
2017-02-10,0.15993888002299894
2017-02-13,0.17283824119490682
2017-02-14,0.13550428800150255
2017-02-15,0.1762994933007172
2017-02-16,0.2092076330696115
2017-02-17,0.19179892843490878
2017-02-22,0.2188052279893858
2017-02-23,0.30196900163747753
2017-02-24,0.33438750216738516
2017-02-27,0.31386202827249016
2017-02-28,0.2592291722957946
2017-03-01,0.1132935191637739
2017-03-02,0.09373016399506359
2017-03-03,0.039103163327730554
2017-03-06,-0.013418651373109703
2017-03-07,-0.09420650662303277
2017-03-08,-0.14192130298150035
2017-03-09,-0.16552621398628325
2017-03-10,-0.1467773606241307
2017-03-13,-0.14694295592205436
2017-03-14,-0.11395425191349187
2017-03-15,0.008023441081808736
2017-03-16,-0.014339168919742285
2017-03-17,-0.037306444447970634
2017-03-20,0.030197505625003222
2017-03-21,0.043317836331570554
2017-03-22,0.053598255798734194
2017-03-23,-0.02363049998046421
2017-03-24,-0.022355339916383193
2017-03-27,-0.02662333010866738
2017-03-28,-0.015011935583733977
2017-03-29,-0.026176824731510718
2017-03-30,0.06482247472289357
2017-03-31,0.10563090764772684
2017-04-03,0.12935726320903046
2017-04-04,0.12121155446637591
2017-04-05,0.17361117151173355
2017-04-06,0.21920117676153333
2017-04-07,0.20693930855420123
2017-04-10,0.29448620451722274
2017-04-11,0.3124135431502259
2017-04-12,0.3678524102783023
2017-04-13,0.2591436273757688
2017-04-17,0.2527921646033577
2017-04-18,0.18189543695153
2017-04-19,0.12366174199466166
2017-04-20,0.1338237357500391
2017-04-21,0.08919487550906388
2017-04-24,0.04940058742624743
2017-04-25,0.0005724403056435681
2017-04-26,0.009773079641183973
2017-04-27,0.03088990102765133
2017-04-28,-0.0053590203508983286
2017-05-01,-0.011755253250255424
2017-05-02,-0.06696695691659808
2017-05-03,-0.18657904263937966
2017-05-04,-0.14242117994735665
2017-05-05,-0.16193008595325406
2017-05-08,-0.23443095749368995
2017-05-09,-0.19876794381089244
2017-05-10,-0.26663620548573863
2017-05-11,-0.26411356554935006
2017-05-12,-0.2986481071053215
2017-05-15,-0.27832729622251595
2017-05-16,-0.1730492868556163
2017-05-17,-0.14902605458408502
2017-05-18,-0.14537865065891398
2017-05-19,-0.12920249291675456
2017-05-22,-0.1013570003944615
2017-05-23,-0.07858979957415849
2017-05-24,-0.044994196616670916
2017-05-25,0.006964092947476829
2017-05-26,-0.03350945509789407
2017-05-30,0.08921603765941671
2017-05-31,0.10210407049131852
2017-06-01,0.2520778372245494
2017-06-02,0.26834022193421947
2017-06-05,0.3367361718784985
2017-06-06,0.3468717944406474
2017-06-07,0.2571059154296278
2017-06-08,0.18342342378570844
2017-06-09,0.14849060605695982
2017-06-12,0.13108573997319606
2017-06-13,0.13341954595293049
2017-06-14,-0.09081750832063754
2017-06-15,-0.0524003453891965
2017-06-16,-0.10884949705409445
2017-06-19,-0.16636788237019445
2017-06-20,-0.12409920006900418
2017-06-21,-0.09309288406015448
2017-06-22,-0.07252272605179086
2017-06-23,-0.1857218882760614
2017-06-26,-0.15279619018758245
2017-06-27,-0.15854186342342377
2017-06-28,-0.21475577172751198
2017-06-29,-0.20325791513447183
2017-06-30,-0.37661605102266676
2017-07-03,-0.380888273943913
2017-07-05,-0.386254468269711
2017-07-06,-0.3857908760107066
2017-07-07,-0.31915733491882464
2017-07-10,-0.2920076156554043
2017-07-11,-0.25972362584411374
2017-07-12,-0.30325407594437953
2017-07-13,-0.13205128405690936
2017-07-14,-0.10342131022169329
2017-07-17,-0.0036304189767518806
2017-07-18,0.016144430604952065
2017-07-19,0.025141337146380997
2017-07-20,0.058396889660525704
2017-07-21,0.019347076031698503
2017-07-24,0.06300458521762524
2017-07-25,0.04651915405395157
2017-07-26,0.09451840382296844
2017-07-27,0.15992559618815538
2017-07-28,0.1690544498798761
2017-07-31,0.3249752552337864
2017-08-01,0.31300658170601414
2017-08-02,0.27862994640054833
2017-08-03,0.21232971037663212
2017-08-04,0.28492184322613023
2017-08-07,0.2689518376630834
2017-08-08,0.3486747825303218
2017-08-09,0.3777837805008708
2017-08-10,0.404669081384698
2017-08-11,0.3237590475491913
2017-08-14,0.22729940464386142
2017-08-15,0.19811562454670034
2017-08-16,0.24780120981313827
2017-08-17,0.22193427247205139
2017-08-18,0.1975818673339369
2017-08-21,0.16714441763078874
2017-08-22,0.19831922145634015
2017-08-23,0.19683215556147426
2017-08-24,0.1693500537542834
2017-08-25,0.2056584815951567
2017-08-28,0.2330703287481548
2017-08-29,0.17284138110555589
2017-08-30,0.2213959692424978
2017-08-31,0.2873842763480481
2017-09-01,0.4158870862827752
2017-09-05,0.37208442730577007
2017-09-06,0.33727076101556996
2017-09-07,0.2805674559405286
2017-09-08,0.17483389685413853
2017-09-11,0.17517610458873517
2017-09-12,0.2052536314501961
2017-09-13,0.1916281489680233
2017-09-14,0.1135589067053283
2017-09-15,0.036405551101239296
2017-09-18,0.005964621774760794
2017-09-19,0.06844233787781862
2017-09-20,-0.07097301865581626
2017-09-21,-0.04189753005889277
2017-09-22,-0.02339509871849576
2017-09-25,-0.16913894983541938
2017-09-26,-0.26085271360602547
2017-09-27,-0.22143423015654307
2017-09-28,-0.2868672280919005
2017-09-29,-0.37963943667098304
2017-10-02,-0.45933264543398555
2017-10-03,-0.445610830774059
2017-10-04,-0.4354665443592878
2017-10-05,-0.48332017419730006
2017-10-06,-0.42711904587318406
2017-10-09,-0.2921851487669689
2017-10-10,-0.30060651226248997
2017-10-11,-0.23085127470293026
2017-10-12,-0.19018397478640553
2017-10-13,-0.17501312317019369
2017-10-16,-0.18687698684202586
2017-10-17,-0.20206957482295973
2017-10-18,-0.1945592043984561
2017-10-19,-0.12866036141583465
2017-10-20,-0.14142945645574495
2017-10-23,-0.20899459735440257
2017-10-24,-0.15342280537140254
2017-10-25,-0.13247905447788985
2017-10-26,-0.13555239417939094
2017-10-27,-0.0575868025764917
2017-10-30,-0.048418405678688874
2017-10-31,-0.003032732223716573
2017-11-01,-0.009265477652767737
2017-11-02,-0.03711841774015405
2017-11-03,0.02513189750476857
2017-11-06,-0.06431377231914623
2017-11-07,-0.06726255362193732
2017-11-08,-0.016528252915152603
2017-11-09,-0.13397050016545445
2017-11-10,-0.15100901106368977
2017-11-13,-0.11627698854016266
2017-11-14,-0.05193677401290714
2017-11-15,-0.03018204478310109
2017-11-16,0.03517952237181123
2017-11-17,-0.02885446382690394
2017-11-20,0.006171112114198243
2017-11-21,0.08107621818502608
2017-11-22,0.051232328867170385
2017-11-24,0.13654521761814098
2017-11-27,0.08532372159111175
2017-11-28,0.06469364743475588
2017-11-29,-0.022136008828988696
2017-11-30,0.006638140764855297
2017-12-01,0.032651915923599464
2017-12-04,-0.10729830702821064
2017-12-05,-0.06437014317336628
2017-12-06,-0.18171093353478418
2017-12-07,-0.22973357670339525
2017-12-08,-0.15856612108403775
2017-12-11,-0.21504959137995705
2017-12-12,-0.1941050726026982
2017-12-13,-0.11299870490026731
2017-12-14,-0.11212796990365999
2017-12-15,-0.16781262261874727
2017-12-18,-0.05778489141331819
2017-12-19,-0.061077086307422875
2017-12-20,-0.11238066029899069
2017-12-21,-0.03687272103040861
2017-12-22,0.012016021171162829
2017-12-26,-0.012596162904005332
2017-12-27,0.03495806130611639
2017-12-28,0.1646429710603782
2017-12-29,0.2493732023872115
2018-01-02,0.22725266020920465
2018-01-03,0.2667395434186817
2018-01-04,0.33634167040936147
2018-01-05,0.31206458438403084
2018-01-08,0.34189368267159537
2018-01-09,0.3982635939317985
2018-01-10,0.4205312965958883
2018-01-11,0.5190623093072704
2018-01-12,0.4843526129484136
2018-01-16,0.4343761827480659
2018-01-17,0.3135879180797212
2018-01-18,0.35226824258441947
2018-01-19,0.3092156439128654
2018-01-22,0.32736219166049524
2018-01-23,0.3866754881517143
2018-01-24,0.36983281292542647
2018-01-25,0.28919033778708975
2018-01-26,0.1682756981497758
2018-01-29,0.07904184650399294
2018-01-30,0.05774641197051519
2018-01-31,0.07000736461914361
2018-02-01,-0.0069445576609400055
2018-02-02,-0.014659015425433332
2018-02-05,-0.04294257029393672
2018-02-06,-0.08739570321122905
2018-02-07,-0.09406226416160007
2018-02-08,-0.13088509172146764
2018-02-09,-0.14012673416254048
2018-02-12,-0.12869579932067315
2018-02-13,0.018038806282170413
2018-02-14,-0.008550543773140126
2018-02-15,0.06640045813869386
2018-02-16,-0.09037790798337725
2018-02-20,-0.11559233183006702
2018-02-21,-0.2219569471516495
2018-02-22,-0.270089898034151
2018-02-23,-0.1926835084753385
2018-02-26,-0.1890712217574187
2018-02-27,-0.17309610257526484
2018-02-28,-0.2608643377062311
2018-03-01,-0.18352879680151446
2018-03-02,-0.14157876995275448
2018-03-05,-0.052563741134990793
2018-03-06,-0.05335243568842977
2018-03-07,-0.0019288780597082427
2018-03-08,-0.015075138930177942
2018-03-09,-0.014694265561590373
2018-03-12,-0.042275609325330796
2018-03-13,-0.07417509210251999
2018-03-14,-0.2631268038739745
2018-03-15,-0.27786176870721085
2018-03-16,-0.2500385972878001
2018-03-19,-0.15958824864454932
2018-03-20,-0.09261998555607781
2018-03-21,-0.06496383455264036
2018-03-22,0.0522835155159951
2018-03-23,0.09220755538611726
2018-03-26,0.008368203553823802
2018-03-27,-0.007290985846317879
2018-03-28,-0.017364270957348833
2018-03-29,0.1571136473123716
2018-04-02,0.005081511629097287
2018-04-03,0.03987114424808799
2018-04-04,-0.10326628071106303
2018-04-05,-0.020751104696869787
2018-04-06,0.03416698050168597
2018-04-09,0.0527881300746918
2018-04-10,0.14329762848203037
2018-04-11,0.017687386669583652
2018-04-12,0.05851804346318708
2018-04-13,0.11755633406835402
2018-04-16,0.14295603356406592
2018-04-17,0.1320506493884051
2018-04-18,0.14120160716949842
2018-04-19,0.03412723498942886
2018-04-20,-0.07071255190900448
2018-04-23,-0.14238464209023577
2018-04-24,-0.21913807579387662
2018-04-25,-0.17270590407412167
2018-04-26,-0.04467664137050403
2018-04-27,-0.05178618279806483
2018-04-30,-0.21800363257709726
2018-05-01,-0.1717313062040892
2018-05-02,-0.14850044147770533
2018-05-03,-0.07655426890537714
2018-05-04,-0.11909249763484007
2018-05-07,-0.14161818726458517
2018-05-08,-0.17452578520859122
2018-05-09,-0.19623734350992225
2018-05-10,-0.11210342790715457
2018-05-11,-0.15553891671271713
2018-05-14,-0.3089040130153616
2018-05-15,-0.293502914449462
2018-05-16,-0.3211796038702797
2018-05-17,-0.2834675369377758
2018-05-18,-0.22954752871634757
2018-05-21,-0.14820992283214882
2018-05-22,-0.207089552503352
2018-05-23,-0.07358815829975007
2018-05-24,-0.050903864079797176
2018-05-25,-0.12125826925175859
2018-05-29,-0.0032397159613946546
2018-05-30,-0.007348485269303895
2018-05-31,-0.074468910814603
2018-06-01,-0.0951591871974447
2018-06-04,-0.0640740917699438
2018-06-05,-0.06511788679199862
2018-06-06,-0.052689573010442435
2018-06-07,-0.1024430106637831
2018-06-08,-0.09066318359602762
2018-06-11,-0.09871024295120068
2018-06-12,0.052909888075262056
2018-06-13,0.08418319687070494
2018-06-14,-0.048963624360930505
2018-06-15,-0.050276905961026144
2018-06-18,-0.05622514539905721
2018-06-19,-0.08466005280775513
2018-06-20,-0.09167333101385124
2018-06-21,-0.167826906064788
2018-06-22,-0.17210103146645622
2018-06-25,-0.19803628285666064
2018-06-26,-0.22483582329839671
2018-06-27,-0.2627114741352421
2018-06-28,-0.2281079035976646
2018-06-29,-0.26996061302873775
2018-07-02,-0.1863836918358372
2018-07-03,-0.17938491436017912
2018-07-05,-0.19451134973593492
2018-07-06,-0.1662968760077535
2018-07-09,-0.19009627433000595
2018-07-10,-0.22993520459578395
2018-07-11,-0.2228066061177621
2018-07-12,-0.28943954676274175
2018-07-13,-0.15063493903210026
2018-07-16,-0.23039492137249204
2018-07-17,-0.21398311579127652
2018-07-18,-0.21140972790313106
2018-07-19,-0.1422566660707964
2018-07-20,-0.17530925000000877
2018-07-23,-0.16290017272050825
2018-07-24,-0.06702072002384026
2018-07-25,-0.07350421277592131
2018-07-26,-0.07733236317510422
2018-07-27,-0.08883272704285185
2018-07-30,0.0025215132191214054
2018-07-31,-0.10363737007912813
2018-08-01,-0.17918281649953655
2018-08-02,-0.1572179477638075
2018-08-03,-0.1711318533867155
2018-08-06,-0.18755979306385007
2018-08-07,-0.14045297250409416
2018-08-08,-0.08013849741248262
2018-08-09,-0.09823463495399136
2018-08-10,-0.19644780842286236
2018-08-13,-0.17328323336062854
2018-08-14,-0.20143324788246023
2018-08-15,-0.21020075206827124
2018-08-16,-0.18220755615440715
2018-08-17,-0.1554409529646628
2018-08-20,-0.08339443486456503
2018-08-21,-0.05992727297882473
2018-08-22,-0.15840600807684194
2018-08-23,0.0017323615080119524
2018-08-24,0.03792801414788844
2018-08-27,0.02058957199304904
2018-08-28,-0.013464997633502068
2018-08-29,-0.0005379003366564473
2018-08-30,0.0578203904159512
2018-08-31,0.02322025192714844
2018-09-04,0.035370406164215704
2018-09-05,0.03518595088012856
2018-09-06,0.018119406261815647
2018-09-07,0.020790553377591087
2018-09-10,0.1683660544801882
2018-09-11,0.21339167825697059
2018-09-12,0.29862394302572937
2018-09-13,0.2596193335901988
2018-09-14,0.2900559076910833
2018-09-17,0.200923501641754
2018-09-18,0.20015255385596306
2018-09-19,0.1955297041232157
2018-09-20,0.18615183294732868
2018-09-21,0.08432564334828488
2018-09-24,0.06594604569784633
2018-09-25,0.03931456873620166
2018-09-26,-0.0023324536378962002
2018-09-27,0.0823449406754553
2018-09-28,0.03982430963364476
2018-10-01,0.1555662761861104
2018-10-02,0.15916792693587112
2018-10-03,0.13575174075466434
2018-10-04,0.14311905726696755
2018-10-05,0.05212091405496296
2018-10-08,0.07569152211925993
2018-10-09,0.07306467946205578
2018-10-10,0.1517841586066838
2018-10-11,0.13349426441427928
2018-10-12,0.22416753949179488
2018-10-15,0.189950229002815
2018-10-16,0.18295073246145682
2018-10-17,0.15790628033496532
2018-10-18,0.12753841875108365
2018-10-19,0.168623741534717
2018-10-22,0.21741571827691675
2018-10-23,0.1788971995713594
2018-10-24,0.21826981620007918
2018-10-25,0.29375555945206167
2018-10-26,0.18490784956806938
2018-10-29,0.215591897591455
2018-10-30,0.049482452500221305
2018-10-31,0.20846225819901257
2018-11-01,0.18213114088256827
2018-11-02,0.14479945300482336
2018-11-05,0.22123508494293245
2018-11-06,0.21002933872992213
2018-11-07,0.1701054708150799
2018-11-08,-0.06878811490420823
2018-11-09,-0.06727622113231238
2018-11-12,-0.13056941316094273
2018-11-13,-0.08258070481544164
2018-11-14,-0.03282590361723418
2018-11-15,-0.0016238266924236
2018-11-16,0.01970460725962045
2018-11-19,0.01797112728251342
2018-11-20,-0.014259747160790153
2018-11-21,-0.009189965245010066
2018-11-23,-0.03868844767748462
2018-11-26,-0.047304616772990596
2018-11-27,0.009773655554461361
2018-11-28,0.09595085547684169
2018-11-29,-0.06563564908637012
2018-11-30,0.04193540705320741
2018-12-03,0.08334240290316863
2018-12-04,0.09169779888520746
2018-12-06,0.1495260369682961
2018-12-07,0.22555599731582848
2018-12-10,0.24224905732949495
2018-12-11,0.2723493473366433
2018-12-12,0.20421859852689675
2018-12-13,0.13908869014954478
2018-12-14,0.1504444325581081
2018-12-17,0.1462742326861332
2018-12-18,0.1834553939664981
2018-12-19,0.2056969212411811
2018-12-20,0.17829267606429267
2018-12-21,0.251357095108049
2018-12-24,0.25896823243093553
2018-12-26,0.3578152604782859
2018-12-27,0.32471787642162236
2018-12-28,0.28642553499518375
2018-12-31,0.32501147459392654
2019-01-02,0.30439560061590293
2019-01-03,0.2141810194642751
2019-01-04,0.2589887406155225
2019-01-07,0.22962617794038517
2019-01-08,0.21231322913720532
2019-01-09,0.20191623637192035
2019-01-10,0.22440852034740855
2019-01-11,0.21366732513445297
2019-01-14,0.20803795841153536
2019-01-15,0.27280737547628864
2019-01-16,0.20075950958213673
2019-01-17,0.12898892635887324
2019-01-18,0.1178290569220931
2019-01-22,0.10759145394680561
2019-01-23,0.005112405370501368
2019-01-24,0.10801250374486457
2019-01-25,0.0884368166838266
2019-01-28,0.08958952338441624
2019-01-29,0.12007227363623826
2019-01-30,0.159860037153492
2019-01-31,0.07898439743230569
2019-02-01,0.11104933661892058
2019-02-04,0.08542740573873961
2019-02-05,0.07746862065003703
2019-02-06,0.04046673215781399
2019-02-07,0.09232601901733177
2019-02-08,0.032854329035820466
2019-02-11,0.03183378291755613
2019-02-12,0.053036491852840706
2019-02-13,0.00990516108231939
2019-02-14,0.06675591667472361
2019-02-15,0.2706789895125238
2019-02-19,0.2526361945433389
2019-02-20,0.12961669793938402
2019-02-21,0.18265433457697425
2019-02-22,0.051031197426666175
2019-02-25,0.01168611195899513
2019-02-26,-0.04896074966040292
2019-02-27,-0.10345856816563986
2019-02-28,-0.26227994519316894
2019-03-01,-0.31268196044212665
2019-03-04,-0.31092680968411174
2019-03-05,-0.29048859260601273
2019-03-06,-0.26835669377440796
2019-03-07,-0.18659131463801432
2019-03-08,-0.25985316607429987
2019-03-11,-0.17143816792122002
2019-03-12,-0.11612461007971205
2019-03-13,-0.20234298936862688
2019-03-14,-0.14690846357505039
2019-03-15,-0.20281940860250738
2019-03-18,-0.31923466122941874
2019-03-19,-0.3190713229517635
2019-03-20,-0.30242872828920536
2019-03-21,-0.1544044741578493
2019-03-22,-0.1222479070185333
2019-03-25,-0.1453331664280803
2019-03-26,-0.16206688278338507
2019-03-27,-0.23774199000606985
2019-03-28,-0.18484895073044236
2019-03-29,-0.10635815953492223
2019-04-01,-0.02575076275442016
2019-04-02,-0.008633516518340581
2019-04-03,-0.030184260222837385
2019-04-04,-0.012384231686716166
2019-04-05,-0.05280507059099663
2019-04-08,0.03611994726110855
2019-04-09,0.027429348897140566
2019-04-10,-0.1539813007928193
2019-04-11,-0.059192223156267564
2019-04-12,-0.12440696359646668
2019-04-15,-0.19914311720128813
2019-04-16,-0.22792857872515265
2019-04-17,-0.20107084092019284
2019-04-18,-0.2213911210682422
2019-04-22,-0.2725767674362355
2019-04-23,-0.29346490752292664
2019-04-24,-0.24644338395398663
2019-04-25,-0.1608984623658479
2019-04-26,-0.07905643851744322
2019-04-29,-0.07014493677275169
2019-04-30,-0.05165259662632125
2019-05-01,-0.1330398198053486
2019-05-02,-0.07259802007343033
2019-05-03,-0.050169165153551534
2019-05-06,-0.0449428381195265
2019-05-07,-0.10663962044923088
2019-05-08,-0.12040748481505875
2019-05-09,-0.13730753466921616
2019-05-10,0.06831275215866334
2019-05-13,0.024441070786591704
2019-05-14,0.05544427917439272
2019-05-15,0.07046711189180956
2019-05-16,0.008810285633123043
2019-05-17,0.02450395725599846
2019-05-20,-0.009364383008962801
2019-05-21,0.023160499320150272
2019-05-22,0.058411813027282725
2019-05-23,0.04851565866477136
2019-05-24,-0.04745099073841229
2019-05-28,-0.022966459735516594
2019-05-29,0.04156553098815287
2019-05-30,0.22632421289259413
2019-05-31,0.26686440344491413
2019-06-03,0.2530805400771228
2019-06-04,0.2680165205965149
2019-06-05,0.3455162732702909
2019-06-06,0.3392474638807104
2019-06-07,0.22352016431048768
2019-06-10,0.14660016226773434
2019-06-11,0.21145525657317213
2019-06-12,0.24106193367267204
2019-06-13,0.3137996521608192
2019-06-14,0.3648048321726767
2019-06-17,0.3960801235953467
2019-06-18,0.40502327392893633
2019-06-19,0.5404133225928467
2019-06-20,0.48044013932905033
2019-06-21,0.5746361540530474
2019-06-24,0.6122626488510262
2019-06-25,0.5839003395857247
2019-06-26,0.5552582958033108
2019-06-27,0.5017656403817744
2019-06-28,0.26669942940401203
2019-07-01,0.25375233745448356
2019-07-02,0.30765177329310606
2019-07-03,0.17835090910358176
2019-07-05,0.09938265603610918
2019-07-08,0.19968169765296656
2019-07-09,0.2416214340466962
2019-07-10,0.1780312006075266
2019-07-11,0.1607375269075004
2019-07-12,0.15857906965532984
2019-07-15,0.15432095011736152
2019-07-16,0.16244166923066364
2019-07-17,0.19325194197685813
2019-07-18,0.036546912346110905
2019-07-19,0.018986511916226252
2019-07-22,-0.0957357478724256
2019-07-23,-0.0903148461785524
2019-07-24,-0.11132482207489584
2019-07-25,-0.09198290875300295
2019-07-26,-0.09523519908933305
2019-07-29,0.08439143199873153
2019-07-30,-0.02830528900759051
2019-07-31,-0.1137941593318303
2019-08-01,0.09551236843709587
2019-08-02,0.17828909831273682
2019-08-05,0.20890031993607852
2019-08-06,0.34503002886054934
2019-08-07,0.24274283959934784
2019-08-08,0.2624582161394342
2019-08-09,0.2716343638330344
2019-08-12,0.2481670542640724
2019-08-13,0.3167014368349673
2019-08-14,0.2696893333544111
2019-08-15,0.212097664676801
2019-08-16,0.16517185909319837
2019-08-19,0.18034064166703798
2019-08-20,0.2016605004033995
2019-08-21,0.15799465536370577
2019-08-22,0.3189681212955216
2019-08-23,0.29023203180596585
2019-08-26,0.33937837810825044
2019-08-27,0.26353232784525155
2019-08-28,0.24643967173660036
2019-08-29,0.23554571364253968
2019-08-30,0.2520601849651866
2019-09-03,0.12238792765361696
2019-09-04,-0.1500931468395063
2019-09-05,-0.14677495109825664
2019-09-06,-0.1588819318551607
2019-09-09,-0.2426050342168578
2019-09-10,-0.21047113694482067
2019-09-11,-0.25195845592450516
2019-09-12,-0.29419622793347094
2019-09-13,-0.2120850247486629
2019-09-16,-0.14930969698954688
2019-09-17,-0.15582012153910346
2019-09-18,-0.19138127274931158
2019-09-19,-0.1214858438401452
2019-09-20,-0.17550583931278807
2019-09-23,-0.1350328925706802
2019-09-24,-0.29916610226994517
2019-09-25,-0.2736495753085717
2019-09-26,-0.2570592255105344
2019-09-27,-0.3523526680753028
2019-09-30,-0.41598891215531125
2019-10-01,-0.31286353136285916
2019-10-02,-0.30334787306448174
2019-10-03,-0.17428795153585885
2019-10-04,-0.1665907786199475
2019-10-07,-0.14924195659453385
2019-10-08,-0.06612526014132297
2019-10-09,-0.12792393137292044
2019-10-10,-0.19210840948153798
2019-10-11,-0.12273721911823443
2019-10-14,-0.22396088264743352
2019-10-15,-0.1894633159862542
2019-10-16,-0.18149387247494586
2019-10-17,-0.15786433096271693
2019-10-18,-0.21483095230490767
2019-10-21,-0.2807838278943531
2019-10-22,-0.2811559873039843
2019-10-23,-0.1343277631414032
2019-10-24,-0.1416079445388927
2019-10-25,-0.1563275198903178
2019-10-28,-0.04565498663772171
2019-10-29,-0.07209318602718232
2019-10-30,-0.07392766349083521
2019-10-31,-0.11011208137162991
2019-11-01,-0.10604361913208236
2019-11-04,-0.17946979145703942
2019-11-05,-0.13714999480510268
2019-11-06,-0.27452572558437827
2019-11-07,-0.23786224002025227
2019-11-08,-0.2088769906770389
2019-11-11,-0.25555856000957683
2019-11-12,-0.15824255958897157
2019-11-13,-0.1574420417228686
2019-11-14,-0.19031356034463284
2019-11-15,-0.1576357669966347
2019-11-18,-0.12321105405295706
2019-11-19,-0.11859859816423521
2019-11-20,-0.1910443092938861
2019-11-21,-0.22379176646338955
2019-11-22,-0.24987651997608953
2019-11-25,-0.19490179792752083
2019-11-26,-0.1810996485403852
2019-11-27,-0.15298953068321183
2019-11-29,-0.22916299985927058
2019-12-02,-0.16151219575630113
2019-12-03,-0.06794847443799312
2019-12-04,-0.09261571180174456
2019-12-05,-0.0611028200121317
2019-12-06,-0.045032812064312575
2019-12-09,-0.008134736133977338
2019-12-10,0.034164084990142715
2019-12-11,-0.01611721887163862
2019-12-12,-0.01720464479028448
2019-12-13,0.0006866226461401095
2019-12-16,-0.015359605184381217
2019-12-17,-0.03276358255070613
2019-12-18,-0.006715276549261795
2019-12-19,0.02390800698343743
2019-12-20,0.05651753178279286
2019-12-23,0.15444601069036634
2019-12-24,0.18292691703671912
2019-12-26,0.2068160889903542
2019-12-27,0.16203813729670422
2019-12-30,0.19151649321714012
2019-12-31,0.22665871649671213
2020-01-02,0.26694643909362653
2020-01-03,0.35205503443679476
2020-01-06,0.36078847616246296
2020-01-07,0.37319826598889444
2020-01-08,0.3438581259993867
2020-01-09,0.3524136693754903
2020-01-10,0.2804428165955408
2020-01-13,0.2637469744942786
2020-01-14,0.26379601847390016
2020-01-15,0.2486139695375693
2020-01-16,0.291592593767555
2020-01-17,0.2873542301068079
2020-01-21,0.26401901964570834
2020-01-22,0.266280758341226
2020-01-23,0.2205205333476273
2020-01-24,0.19773304258820681
2020-01-27,0.1471548037993035
2020-01-28,0.1291848485346771
2020-01-29,0.17728658151743545
2020-01-30,0.14631298672773854
2020-01-31,0.016147965392855717
2020-02-03,-0.17141099342918364
2020-02-04,-0.1605664948461033
2020-02-05,-0.06881718469641236
2020-02-06,-0.028811533001800494
2020-02-07,-0.02673643889946546
2020-02-10,-0.029207719009889964
2020-02-11,0.003821707853848768
2020-02-12,-0.0034020933242844224
2020-02-13,0.044783373647532945
2020-02-14,0.08896263034769931
2020-02-18,0.11977734469153413
2020-02-19,0.16079146194743302
2020-02-20,0.23856293793527025
2020-02-21,0.3231935961773402
2020-02-24,0.19108801869024342
2020-02-25,0.19484900709436018
2020-02-26,0.19849779939482703
2020-02-27,-0.009606812906827814
2020-02-28,0.0962323116379718
2020-03-02,0.26614586766367615
2020-03-03,0.37801153527469206
2020-03-04,0.42284526751494766
2020-03-05,0.40272939288871196
2020-03-06,0.3961716864491701
2020-03-09,0.31888577787206207
2020-03-10,0.3035486576476358
2020-03-11,0.15844440449238756
2020-03-12,-0.013450275176789074
2020-03-13,-0.1332382747064765
2020-03-16,-0.10187601280308638
2020-03-17,-0.21432763616988695
2020-03-18,-0.23913301722841449
2020-03-19,-0.2555522960827729
2020-03-20,-0.22351330382949072
2020-03-23,-0.18852466589451355
2020-03-24,-0.13852527803914821
2020-03-25,-0.0685788212139395
2020-03-26,-0.1311009124330588
2020-03-27,0.03539274487110287
2020-03-30,-0.166187174516981
2020-03-31,-0.3216632568509219
2020-04-01,-0.21240542967121862
2020-04-02,-0.2740416968458209
2020-04-03,-0.1880918292959578
2020-04-06,-0.21866681971259347
2020-04-07,-0.1637501072378041
2020-04-08,0.02083598774462831
2020-04-09,0.17789842771966907
2020-04-13,0.33368387872198835
2020-04-14,0.3638300787140004
2020-04-15,0.23302375629970615
2020-04-16,0.2973944715665177
2020-04-17,0.3146355162848569
2020-04-20,0.24729566994211852
2020-04-21,0.19462441459424765
2020-04-22,0.05892646609626445
2020-04-23,0.1012779539573039
2020-04-24,0.039710714734745196
2020-04-27,0.09320023055745222
2020-04-28,0.0712804624349835
2020-04-29,0.13858989777963254
2020-04-30,0.1614899162835323
2020-05-01,0.08225883008295416
2020-05-04,0.061127015980087344
2020-05-05,-0.0781280124336997
2020-05-06,0.015811669224748536
2020-05-07,-0.010222503588722051
2020-05-08,-0.1656241929637142
2020-05-11,-0.16702910537576887
2020-05-12,-0.16575599631975224
2020-05-13,-0.06298225517708059
2020-05-14,-0.02115531371202532
2020-05-15,0.0002817195757861493
2020-05-18,-0.003853732853330323
2020-05-19,0.05658042446337289
2020-05-20,-0.09298917889785938
2020-05-21,-0.07828175644742019
2020-05-22,-0.11572279725861254
2020-05-26,-0.07883315299349143
2020-05-27,-0.0672108244965406
2020-05-28,0.012220133959799706
2020-05-29,-6.531309238944336e-05
2020-06-01,-0.05037609000383081
2020-06-02,-0.0969740993155184
2020-06-03,-0.014360644253770424
2020-06-04,-0.16534229917904705
2020-06-05,-0.10096505548817968
2020-06-08,-0.03787898052097151
2020-06-09,-0.05709135443704065
2020-06-10,-0.039061397024805676
2020-06-11,-0.09053327151936275
2020-06-12,-0.13843005734934039
2020-06-15,-0.07989845133900816
2020-06-16,-0.10364349125400424
2020-06-17,-0.12444011673838366
2020-06-18,-0.02760582751109743
2020-06-19,-0.02999643054311616
2020-06-22,0.05673505532522934
2020-06-23,0.04389397992424964
2020-06-24,0.023076900337924408
2020-06-25,0.02657913849677771
2020-06-26,-0.0012288620152769675
2020-06-29,0.03620177976386304
2020-06-30,0.01965835704660056
2020-07-01,0.09215879647015537
2020-07-02,0.059324173307533735
2020-07-06,0.13179239301100298
2020-07-07,0.1222681931064381
2020-07-08,0.08909901663920182
2020-07-09,0.04968406357879053
2020-07-10,0.08244731568448967
2020-07-13,0.10084537752349294
2020-07-14,0.08339079425630512
2020-07-15,0.05674980597693905
2020-07-16,0.08692198049457114
2020-07-17,0.062439889440407965
2020-07-20,0.09819115558837292
2020-07-21,0.11226252689074362
2020-07-22,0.17674299352967193
2020-07-23,0.2014796520795865
2020-07-24,0.2491973209303409
2020-07-27,0.25938762637210766
2020-07-28,0.2363853500387037
2020-07-29,0.26849959064235596
2020-07-30,0.2830117907882628
2020-07-31,0.27501826314899147
2020-08-03,0.3434969532343669
2020-08-04,0.3635072062021293
2020-08-05,0.37881780019072064
2020-08-06,0.33048441539286666
2020-08-07,0.3555384949589054
2020-08-10,0.18992247827491388
2020-08-11,0.19370690861030704
2020-08-12,0.23299956446398276
2020-08-13,0.22274753864568347
2020-08-14,0.28950829635620295
2020-08-17,0.29702354044830054
2020-08-18,0.1615223055557574
2020-08-19,0.06752117447174664
2020-08-20,0.014883534986307834
2020-08-21,-0.014405246086967208
2020-08-24,-0.11469655471943865
2020-08-25,-0.08598514041366043
2020-08-26,-0.1389596242376098
2020-08-27,-0.046521725353278184
2020-08-28,-0.0769094937922815
2020-08-31,-0.07760569543124622
2020-09-01,-0.2117116542211915
2020-09-02,-0.280038199113385
2020-09-03,-0.3275957851456515
2020-09-04,-0.21274557210479897
2020-09-08,-0.09294769248297147
2020-09-09,-0.07989803640131102
2020-09-10,-0.1542339068852874
2020-09-11,-0.08698576991096403
2020-09-14,-0.17100930637240358
2020-09-15,-0.1896455093223709
2020-09-16,-0.1565913653087026
2020-09-17,-0.08550884316619076
2020-09-18,-0.1889358443028957
2020-09-21,-0.18021417602720552
2020-09-22,-0.22741643175439
2020-09-23,-0.26405864957491376
2020-09-24,-0.24915293155954069
2020-09-25,-0.29874383740033406
2020-09-28,-0.2500604125685624
2020-09-29,-0.2637721871821438
2020-09-30,-0.15482908969871514
2020-10-01,-0.15784378127931992
2020-10-02,-0.12275367173083848
2020-10-05,-0.17660729608567136
2020-10-06,-0.1956843752466686
2020-10-07,-0.2063660910961604
2020-10-08,-0.15736157718312302
2020-10-09,-0.1178547122646131
2020-10-12,-0.21486159277907282
2020-10-13,-0.1915302900970519
2020-10-14,-0.19287642848924977
2020-10-15,-0.15379661760670982
2020-10-16,-0.16452562973354665
2020-10-19,-0.051476263066203905
2020-10-20,-0.014686597398169248
2020-10-21,0.01562009630033949
2020-10-22,0.0013257637982949581
2020-10-23,0.027645161686701735
2020-10-26,0.010595975296960939
2020-10-27,-0.10947741158728067
2020-10-28,-0.11016261148538306
2020-10-29,-0.12458598095533002
2020-10-30,-0.07716621445074902
2020-11-02,-0.0622381033644884
2020-11-03,-0.0670974545162515
2020-11-04,0.07703335490831849
2020-11-05,0.07883767595117323
2020-11-06,-0.1245125443720989
2020-11-09,-0.08147244085577568
2020-11-10,-0.03897013989675363
2020-11-11,-0.038583520958864345
2020-11-12,-0.013393867475595757
2020-11-13,-0.0032622099039997946
2020-11-16,-0.01892687783318171
2020-11-17,-0.04933147191334928
2020-11-18,-0.1032850413420142
2020-11-19,-0.0293216063086244
2020-11-20,-0.10218982186041428
2020-11-23,-0.17262715172911283
2020-11-24,-0.18104493261583285
2020-11-25,-0.14795551600262136
2020-11-27,-0.17458136141770964
2020-11-30,-0.11702816987303954
2020-12-01,-0.13109885494435766
2020-12-02,-0.07681309489259194
2020-12-03,-0.18276362806706872
2020-12-04,-0.13687136607065598
2020-12-07,0.023722807182214836
2020-12-08,-0.0962576089416539
2020-12-09,-0.0671780453558254
2020-12-10,-0.07815036303419268
2020-12-11,-0.12830844082698795
2020-12-14,-0.08183266691938394
2020-12-15,-0.06693947255210786
2020-12-16,0.02051175642009991
2020-12-17,0.043392804065247564
2020-12-18,0.007317650875798022
2020-12-21,0.05298739365799327
2020-12-22,0.13864805986109663
2020-12-23,0.14535863212757036
2020-12-24,0.17570626753742533
2020-12-28,0.18633844384639697
2020-12-29,0.22695665366812767
2020-12-30,0.145387964038773
2020-12-31,0.2239611700110698
2021-01-04,0.21445125411102464
2021-01-05,0.12475904036342327
2021-01-06,0.07942813871950942
2021-01-07,-0.08116603453336138
2021-01-08,0.024875026829604692
2021-01-11,0.013532764151069672
2021-01-12,0.021479297499364128
2021-01-13,0.03867707240456751
2021-01-14,-0.05215974961880922
2021-01-15,-0.03909699844057024
2021-01-19,-0.04530898408086644
2021-01-20,-0.03175597596644782
2021-01-21,-0.02280247207636886
2021-01-22,-0.039492051282761356
2021-01-25,-0.05677860330790617
2021-01-26,-0.061497445533012216
2021-01-27,-0.07640791852781317
2021-01-28,-0.08257336507167512
2021-01-29,-0.05810108980284469
2021-02-01,-0.2177808919066626
2021-02-02,-0.22703078833207369
2021-02-03,-0.220860090401634
2021-02-04,-0.1826344447928116
2021-02-05,0.00579566698574409
2021-02-08,-0.016854758515926344
2021-02-09,0.008457826112200709
2021-02-10,-0.045685838353179055
2021-02-11,-0.044881183143065446
2021-02-12,-0.05120887512623432
2021-02-16,-0.12892774440843183
2021-02-17,-0.17387245900134024
2021-02-18,-0.16608056429281753
2021-02-19,-0.07793191859652658
2021-02-22,-0.08135785799217986
2021-02-23,-0.0909612274383577
2021-02-24,-0.12624518316008695
2021-02-25,-0.21850549088354712
2021-02-26,-0.2495429518117081
2021-03-01,-0.249708352593824
2021-03-02,-0.23035843791162675
2021-03-03,-0.26654400757571495
2021-03-04,-0.18310015435268617
2021-03-05,-0.2751660370807644
2021-03-08,-0.22691286073227798
2021-03-09,-0.22090379272896613
2021-03-10,-0.22874418997707674
2021-03-11,-0.19947557920575937
2021-03-12,-0.16869932109396915
2021-03-15,-0.11334075032943083
2021-03-16,-0.1188333374511063
2021-03-17,-0.047006683017308024
2021-03-18,-0.028854408248313382
2021-03-19,-0.04193168032104583
2021-03-22,-0.14082949921835158
2021-03-23,-0.11374467061481039
2021-03-24,-0.1133279000610995
2021-03-25,-0.045981640799093455
2021-03-26,0.010409633926098087
2021-03-29,-0.041803044369970774
2021-03-30,0.007150540603147169
2021-03-31,0.08194049326182025
2021-04-01,0.11942013161504501
2021-04-05,0.16081429022092486
2021-04-06,0.20589864639237523
2021-04-07,0.1573692467709376
2021-04-08,0.11181814486370054
2021-04-09,0.07843043503764549
2021-04-12,0.12423069348879455
2021-04-13,0.07326276126999069
2021-04-14,0.14707484166603008
2021-04-15,0.1893745520068821
2021-04-16,0.15075646932045436
2021-04-19,0.1482494656601324
2021-04-20,0.1945178302274562
2021-04-21,0.19721266507926075
2021-04-22,0.16619634566538014
2021-04-23,0.19050133235174155
2021-04-26,0.16844348919791785
2021-04-27,0.2042534465882068
2021-04-28,0.2562404848534256
2021-04-29,0.1811733790808878
2021-04-30,0.20806154229035145
2021-05-03,0.1639506036818145
2021-05-04,0.1478273794878875
2021-05-05,0.2299049207963711
2021-05-06,0.22550692976341064
2021-05-07,0.2739936454215491
2021-05-10,0.2994962275580084
2021-05-11,0.22322316932041072
2021-05-12,0.25310848374043565
2021-05-13,0.2092425776972562
2021-05-14,0.24795780672717177
2021-05-17,0.26969600805750726
2021-05-18,0.27977408286896555
2021-05-19,0.23878181126242995
2021-05-20,0.2503050617356752
2021-05-21,0.2774242645440045
2021-05-24,0.30267065442624186
2021-05-25,0.3092423940803276
2021-05-26,0.30403481003143
2021-05-27,0.3300766966386607
2021-05-28,0.3279940328901309
2021-06-01,0.30468446014971134
2021-06-02,0.179122286061203
2021-06-03,0.14425626947570577
2021-06-04,0.11814008290367277
2021-06-07,0.08498375912880116
2021-06-08,0.08781986924813948
2021-06-09,0.12114157749103895
2021-06-10,0.06733152909555573
2021-06-11,-0.011009900296434026
2021-06-14,-0.114805301281814
2021-06-15,-0.10212193658759741
2021-06-16,-0.2772799182926452
2021-06-17,-0.29167742968099386
2021-06-18,-0.2404868398523982
2021-06-21,-0.27354822344210356
2021-06-22,-0.2903788564909259
2021-06-23,-0.3125994208369888
2021-06-24,-0.2937346833844546
2021-06-25,-0.30141373299963803
2021-06-28,-0.34266864220760795
2021-06-29,-0.3122963209148954
2021-06-30,-0.3066284644224628
2021-07-01,-0.18596458562303558
2021-07-02,-0.20330502912640291
2021-07-06,-0.18027562370260514
2021-07-07,-0.18515778372516903
2021-07-08,-0.15574102727140776
2021-07-09,-0.11885906416113844
2021-07-12,-0.06641624599588374
2021-07-13,0.004203404978146461
2021-07-14,0.0028525449306721034
2021-07-15,0.10688622329230044
2021-07-16,0.10677453582809747
2021-07-19,0.07734463077494518
2021-07-20,0.07024844910430553
2021-07-21,0.060856635281419935
2021-07-22,0.06850492993929676
2021-07-23,0.05867076037038881
2021-07-26,0.05415178712180152
2021-07-27,0.09742431655841517
2021-07-28,0.16625798904014172
2021-07-29,0.09972788895037044
2021-07-30,0.09639749340400011
2021-08-02,0.04448470298486775
2021-08-03,0.04706809353411842
2021-08-04,0.011048538698716333
2021-08-05,-0.10987335160544823
2021-08-06,-0.23927532928235457
2021-08-09,-0.20746784039204352
2021-08-10,-0.15338530639004735
2021-08-11,-0.19630580656707583
2021-08-12,-0.1307225450334575
2021-08-13,-0.0574315472308893
2021-08-16,-0.04469442022118517
2021-08-17,-0.05857268834237206
2021-08-18,-0.038534269079288176
2021-08-19,-0.039799503972291206
2021-08-20,0.033772717321964865
2021-08-23,0.04841384654474455
2021-08-24,-0.002071017641509214
2021-08-25,0.011053525410077609
2021-08-26,-0.011748166363465772
2021-08-27,0.02233873050696304
2021-08-30,0.024930804112120057
2021-08-31,0.04233108548153568
2021-09-01,0.02838460381015197
2021-09-02,0.10582447170597899
2021-09-03,0.14221962974291152
2021-09-07,0.20759999024243175
2021-09-08,0.16231845807094575
2021-09-09,0.14248563606550496
2021-09-10,0.07420505028661119
2021-09-13,0.07801730113639177
2021-09-14,0.042213725397545275
2021-09-15,-0.0647096013949667
2021-09-16,-0.07788853868124278
2021-09-17,-0.044327417897116514
2021-09-20,-0.06494144343010541
2021-09-21,-0.07097020196315887
2021-09-22,-0.10915692489874596
2021-09-23,-0.11608387677391141
2021-09-24,-0.18265399494936554
2021-09-27,-0.20658008567259564
2021-09-28,-0.26405129704353925
2021-09-29,-0.15595227898945047
2021-09-30,-0.13906959423169574
2021-10-01,-0.1735910831376412
2021-10-04,-0.10204777716763515
2021-10-05,-0.09301924537701016
2021-10-06,-0.08660141891078861
2021-10-07,-0.1100662590256748
2021-10-08,-0.09198205232333675
2021-10-11,-0.08702298177838616
2021-10-12,-0.021358689798183884
2021-10-13,0.02717608657995244
2021-10-14,0.057772320083976064
2021-10-15,0.0666042847650428
2021-10-18,0.043313440101680686
2021-10-19,0.04227221273301409
2021-10-20,0.03221920152396764
2021-10-21,0.15984803202649633
2021-10-22,0.18280834730005294
2021-10-25,0.14298464816680742
2021-10-26,0.20053450681666757
2021-10-27,0.25534060105309875
2021-10-28,0.09955843110264835
2021-10-29,0.13005443244886014
2021-11-01,0.08401554387200447
2021-11-02,0.027290221952333618
2021-11-03,0.11139620256337393
2021-11-04,0.1852498182587771
2021-11-05,0.22089292639301636
2021-11-08,0.23144022081206664
2021-11-09,0.2687872038938584
2021-11-10,0.20865293859782985
2021-11-11,0.21082255083639026
2021-11-12,0.2877083908412125
2021-11-15,0.25690836862001704
2021-11-16,0.28661926595666004
2021-11-17,0.2181688260892304
2021-11-18,0.19761513420898974
2021-11-19,0.028438322554304753
2021-11-22,-0.06456928626967195
2021-11-23,-0.02341065579654064
2021-11-24,-0.03409111831248741
2021-11-26,0.0022770422230154177
2021-11-29,-0.05730693376983996
2021-11-30,-0.01418818666439454
2021-12-01,-0.000499506819287803
2021-12-02,-0.024438618903423453
2021-12-03,-0.10345965970603038
2021-12-06,-0.11897610253540657
2021-12-07,-0.1227231457961101
2021-12-08,-0.1974495396379145
2021-12-09,-0.21561183821113872
2021-12-10,-0.21649110013330614
2021-12-13,-0.25961306327032524
2021-12-14,-0.24644255474702914
2021-12-15,-0.18795512098462358
2021-12-16,-0.14181711593100746
2021-12-17,-0.14423133834922894
2021-12-20,-0.03442249320961242
2021-12-21,0.06957319325171388
2021-12-22,0.09475108261433297
2021-12-23,0.07962084669903279
2021-12-27,0.08339186564051945
2021-12-28,0.06963649800223218
2021-12-29,0.12180014398284478
2021-12-30,0.1408998659086372
2021-12-31,0.11403461744407337
2022-01-03,0.0939208001054115
2022-01-04,0.1368701256675858
2022-01-05,0.01196984588423966
2022-01-06,0.033106989199678256
2022-01-07,0.061856819822301005
2022-01-10,0.09607365730434635
2022-01-11,0.11114142934162807
2022-01-12,0.14225023047925195
2022-01-13,0.150405960914977
2022-01-14,0.03397735847685629
2022-01-18,0.13605760098764963
2022-01-19,0.1513993047508669
2022-01-20,0.07799695494557322
2022-01-21,0.07875733731337953
2022-01-24,0.12003237675992458
2022-01-25,0.04593628117619362
2022-01-26,-0.04609706405745739
2022-01-27,-0.09603170162351074
2022-01-28,-0.10942078601964907
2022-01-31,-0.00660758825277712
2022-02-01,-0.024713850253942755
2022-02-02,-0.07583794059361419
2022-02-03,0.04406026621581575
2022-02-04,0.06246838356342237
2022-02-07,0.07692973795155837
2022-02-08,0.04435478950144927
2022-02-09,0.02059565183847014
2022-02-10,0.05392567185823036
2022-02-11,0.1515268435074725
2022-02-14,0.12406219254227487
2022-02-15,0.17019430096326799
2022-02-16,0.16752788006075703
2022-02-17,0.1605167852301397
2022-02-18,0.2158167881065393
2022-02-22,0.1543210691372885
2022-02-23,0.26759100604494784
2022-02-24,0.26150319235636454
2022-02-25,0.31869747169970936
2022-02-28,0.40725992451069437
2022-03-01,0.32737283449104515
2022-03-02,0.33600109115604054
2022-03-03,0.4370496491187981
2022-03-04,0.5003347678769992
2022-03-07,0.574343309102179
2022-03-08,0.4138811124986998
2022-03-09,0.41227548505612516
2022-03-10,0.3659810462593806
2022-03-11,0.2845694378326274
2022-03-14,0.11874730233372104
2022-03-15,0.10274535426163281
2022-03-16,0.140458596858758
2022-03-17,0.012910104303055413
2022-03-18,0.019195970009585634
2022-03-21,-0.02755459339135924
2022-03-22,0.01611580330422896
2022-03-23,0.06951168126030575
2022-03-24,0.0006769496768812978
2022-03-25,0.07542183057489427
2022-03-28,-0.033660692924642056
2022-03-29,-0.0956134909237962
2022-03-30,0.0042038262356342265
2022-03-31,-0.10961183935107693
2022-04-01,-0.16940920222958733
2022-04-04,-0.26402344774883424
2022-04-05,-0.39570558057990446
2022-04-06,-0.2190679494294918
2022-04-07,-0.22835153317511186
2022-04-08,-0.18067151434663598
2022-04-11,-0.04691368264852184
2022-04-12,0.054499047898087086
2022-04-13,0.08278612047053059
2022-04-14,0.02349161607604085
2022-04-18,-0.008828751994960264
2022-04-19,-0.016966517004294607
2022-04-20,-0.014661813466855309
2022-04-21,-0.08927432991316862
2022-04-22,-0.24645131449996477
2022-04-25,-0.2029662285641947
2022-04-26,-0.20525779542731937
2022-04-27,-0.11981749830880124
2022-04-28,-0.12754980392817428
2022-04-29,-0.2843507732891745
2022-05-02,-0.18882021893329817
2022-05-03,-0.21603567922617986
2022-05-04,-0.179533300161532
2022-05-05,-0.14797999981514579
2022-05-06,-0.24489702301254815
2022-05-09,-0.30645016431477023
2022-05-10,-0.2774673616979203
2022-05-11,-0.41816847140390284
2022-05-12,-0.4768202645971888
2022-05-13,-0.4320610122686313
2022-05-16,-0.44216158224847024
2022-05-17,-0.37698363409830715
2022-05-18,-0.2985812872226776
2022-05-19,-0.27362867400647267
2022-05-20,-0.22072964957621616
2022-05-23,-0.07700899700141292
2022-05-24,-0.14435071513574854
2022-05-25,-0.09794210085124566
2022-05-26,-0.09315657784639249
2022-05-27,-0.1567798545371875
2022-05-31,-0.055709088151039324
2022-06-01,0.010544504677340567
2022-06-02,-0.05998884868931849
2022-06-03,-0.0921672718253586
2022-06-06,-0.00524257516467391
2022-06-07,0.05352921270305979
2022-06-08,0.012179323060832935
2022-06-09,0.14912344371001726
2022-06-10,0.0720996495975356
2022-06-13,0.004765084443262629
2022-06-14,0.008820569716412223
2022-06-15,0.09944207074704312
2022-06-16,0.005823116042786498
2022-06-17,0.009877679925414487
2022-06-21,-0.05804521329633254
2022-06-22,-0.032865405676857376
2022-06-23,-0.03308348547042823
2022-06-24,-0.06557648028009344
2022-06-27,-0.05990145405753888
2022-06-28,-0.050117655602394576
2022-06-29,-0.08031484727490058
2022-06-30,-0.1552790949122522
2022-07-01,-0.20728480559386595
2022-07-05,-0.29023953217051573
2022-07-06,-0.29039742024977006
2022-07-07,-0.27009396438844235
2022-07-08,-0.3600125745096265
2022-07-11,-0.2573773894863576
2022-07-12,-0.16982608554925857
2022-07-13,-0.27076005505588313
2022-07-14,-0.35637854181688516
2022-07-15,-0.304348734992301
2022-07-18,-0.3048886336209711
2022-07-19,-0.32313537477939747
2022-07-20,-0.279334247919945
2022-07-21,-0.2098089987780418
2022-07-22,-0.234749494422627
2022-07-25,-0.21959011822906827
2022-07-26,-0.20304856082086753
2022-07-27,-0.09535693617719922
2022-07-28,-0.028227711891048862
2022-07-29,0.0054135715164690245
2022-08-01,0.11969247330132005
2022-08-02,0.07764129138065815
2022-08-03,0.24451196714707482
2022-08-04,0.18746989934420963
2022-08-05,0.2175217405735366
2022-08-08,0.26625664558397927
2022-08-09,0.2875447449004339
2022-08-10,0.23287235092497077
2022-08-11,0.34221544127312414
2022-08-12,0.29329797674138075
2022-08-15,0.24511556878785587
2022-08-16,0.20208453816867553
2022-08-17,0.2151774725851997
2022-08-18,0.14916108823779228
2022-08-19,0.06342812690025766
2022-08-22,0.12775122785235224
2022-08-23,0.1330167997446815
2022-08-24,0.1586247821315198
2022-08-25,-0.013051215184347417
2022-08-26,-0.048274477246403893
2022-08-29,-0.09353160425609884
2022-08-30,-0.12871856373662624
2022-08-31,-0.13983053849544907
2022-09-01,-0.18190526896086265
2022-09-02,-0.13356324603013464
2022-09-06,-0.1697297345582864
2022-09-07,-0.1965835943294835
2022-09-08,-0.14743651625288687
2022-09-09,-0.13014618322954288
2022-09-12,-0.15518046242720468
2022-09-13,-0.1576598353929135
2022-09-14,-0.22145038412518936
2022-09-15,-0.18202875479097794
2022-09-16,-0.1726183263634959
2022-09-19,-0.1500143239885308
2022-09-20,-0.17057963782551155
2022-09-21,-0.15089001470601818
2022-09-22,-0.26797660282623276
2022-09-23,-0.2736556227749403
2022-09-26,-0.2613975546872073
2022-09-27,-0.11752554777541026
2022-09-28,-0.07505281242135804
2022-09-29,-0.0086136095050959
2022-09-30,0.04366309729530598
2022-10-03,0.1304805879329057
2022-10-04,0.12773118719030677
2022-10-05,0.07680272061883713
2022-10-06,0.06435061279106077
2022-10-07,-0.06964280531082023
2022-10-10,-0.0756567971922023
2022-10-11,-0.024743047075976337
2022-10-12,0.0026333868568271714
2022-10-13,0.017471020989310655
2022-10-14,0.04345710743344962
2022-10-17,0.03265754792481786
2022-10-18,-0.015848144117377387
2022-10-19,-0.024788269438518026
2022-10-20,0.017331368611913603
2022-10-21,0.09689023251223915
2022-10-24,0.18200551947226995
2022-10-25,0.20570711059654817
2022-10-26,0.07902879702151339
2022-10-27,0.017866538434779256
2022-10-28,-0.006993932419424718
2022-10-31,-0.07268707264213829
2022-11-01,-0.1585966234251504
2022-11-02,-0.18838848598302554
2022-11-03,-0.04773666654988777
2022-11-04,0.001766611188139422
2022-11-07,0.21438559930419873
2022-11-08,0.17245476998762305
2022-11-09,0.31343819570368225
2022-11-10,0.3571971873208314
2022-11-14,0.4124134936513122
2022-11-15,0.43261196589653766
2022-11-16,0.46174691569987947
2022-11-17,0.42454878066645707
2022-11-18,0.31650239495298826
2022-11-21,0.32214481192415495
2022-11-22,0.32206850829935785
2022-11-23,0.30679154637013745
2022-11-25,0.32308252560568973
2022-11-28,0.3781187959520729
2022-11-29,0.3344025999428077
2022-11-30,0.4694069762040217
2022-12-01,0.5115126201385847
2022-12-02,0.2922137401807279
2022-12-05,0.2791967561205317
2022-12-06,0.21113051975206779
2022-12-07,0.22337944037064889
2022-12-08,0.13113043954607578
2022-12-09,0.034217227548522675
2022-12-12,0.10077450487899844
2022-12-13,0.08077591963951601
2022-12-14,-0.00047888546987646875
2022-12-15,0.06890807877412593
2022-12-16,0.08479039719241611
2022-12-19,0.19714678875594233
2022-12-20,0.1924146612067371
2022-12-21,0.09396262493983873
2022-12-22,0.090521920449644
2022-12-23,0.137731164750559
2022-12-27,0.15456234183076625
2022-12-28,0.1509685252586056
2022-12-29,0.1577049541123873
2022-12-30,0.06719310314436044
2023-01-03,0.11425328530037614
2023-01-04,0.13998416986653422
2023-01-05,0.2090277312498886
2023-01-06,0.18422811876664102
2023-01-09,0.16854758645619186
2023-01-10,0.14603511819985004
2023-01-11,0.2440374440226802
2023-01-12,0.20879236055930392
2023-01-13,0.19331088530952223
2023-01-17,0.22538829603147573
2023-01-18,0.2709312394972405
2023-01-19,0.20510456111063852
2023-01-20,0.2026677271949262
2023-01-23,0.29553511299183943
2023-01-24,0.28688936496427425
2023-01-25,0.20117439845734117
2023-01-26,0.21622393267892268
2023-01-27,0.16964206123615128
2023-01-30,0.18265131373819057
2023-01-31,0.12080228681211112
2023-02-01,0.05250704559143045
2023-02-02,-0.038480221819408064
2023-02-03,-0.10596511588850491
2023-02-06,-0.11173764495736388
2023-02-07,-0.09212125349943895
2023-02-08,-0.12932850455780512
2023-02-09,-0.1891479628521068
2023-02-10,-0.27323374200219686
2023-02-13,-0.23434993653577904
2023-02-14,-0.2849783839040527
2023-02-15,-0.25595944971186824
2023-02-16,-0.29917402213934996
2023-02-17,-0.3049090754397732
2023-02-21,-0.34058085182680237
2023-02-22,-0.39518329461759194
2023-02-23,-0.38526044294961587
2023-02-24,-0.3352192022370534
2023-02-27,-0.29972410091209684
2023-02-28,-0.2881192552435474
2023-03-01,-0.29162178421456
2023-03-02,-0.2148976957973131
2023-03-03,-0.07523039251019291
2023-03-06,-0.1807625622228434
2023-03-07,-0.19677055437650687
2023-03-08,-0.16315357690538818
2023-03-09,-0.037309449948638426
2023-03-10,0.10504986530443995
2023-03-13,0.11794997556230669
2023-03-14,0.1655370781202117
2023-03-15,0.1951108480159885
2023-03-16,0.3050509475363506
2023-03-17,0.32934448580935016
2023-03-20,0.2211314168211136
2023-03-21,0.2635516329929458
2023-03-22,0.37754105727852094
2023-03-23,0.38423356222815375
2023-03-24,0.333880994808073
2023-03-27,0.33542355944937025
2023-03-28,0.2832958074027608
2023-03-29,0.3095054852966782
2023-03-30,0.29277651894460854
2023-03-31,0.2848256562733025
2023-04-03,0.3737043245349915
2023-04-04,0.4642827220525685
2023-04-05,0.44215456232698724
2023-04-06,0.33809357225013026
2023-04-10,0.2801836288814344
2023-04-11,0.1607035982579642
2023-04-12,0.24632872859813787
2023-04-13,0.09879360348991854
2023-04-14,0.10005249980345701
2023-04-17,0.0003739209954686822
2023-04-18,-0.051467298454872565
2023-04-19,0.08184318192161259
2023-04-20,-0.006950432620410354
2023-04-21,-0.09769849638973037
2023-04-24,-0.05510706189394791
2023-04-25,0.00019894683173921334
2023-04-26,-0.01875798950459497
2023-04-27,-0.0017919718440301527
2023-04-28,-0.07068006560479059
2023-05-01,0.030585490049949378
2023-05-02,0.026538395692252217
2023-05-03,-0.021337893284628318
2023-05-04,-0.08917294904136133
2023-05-05,-0.046846082141161795
2023-05-08,0.029691734141894903
2023-05-09,-0.021755119001562958
2023-05-10,-0.07583525273206568
2023-05-11,-0.14928414566196704
2023-05-12,-0.05012497402589976
2023-05-15,-0.1009244462904996
2023-05-16,-0.15070451275605945
2023-05-17,-0.18222445150340083
2023-05-18,-0.1571866436916285
2023-05-19,-0.10068807965977883
2023-05-22,-0.13004092179689192
2023-05-23,-0.16546932274726023
2023-05-24,-0.19707120215872487
2023-05-25,-0.22420260603981268
2023-05-26,-0.1445954587557158
2023-05-30,-0.2099920145032749
2023-05-31,-0.20801517061504018
2023-06-01,-0.31311446809354654
2023-06-02,-0.22566859365473765
2023-06-05,-0.22685288520127136
2023-06-06,-0.30493586921254134
2023-06-07,-0.23923484955221272
2023-06-08,-0.2010683402333188
2023-06-09,-0.21610438796786027
2023-06-12,-0.24844654803983626
2023-06-13,-0.14857783384745998
2023-06-14,-0.12201024253770304
2023-06-15,-0.05758397127342054
2023-06-16,-0.14701360145922515
2023-06-20,-0.15496955092427273
2023-06-21,-0.18523590320251435
2023-06-22,-0.11455323398982141
2023-06-23,-0.10196009821888737
2023-06-26,-0.20654474249278063
2023-06-27,-0.18630695535680428
2023-06-28,-0.18282447882386293
2023-06-29,-0.17981747390393726
2023-06-30,-0.1131486277728892
2023-07-03,-0.12860947970059858
2023-07-05,-0.11617105722976302
2023-07-06,-0.11327700836764726
2023-07-07,-0.11105860548832565
2023-07-10,-0.07106295252889164
2023-07-11,0.030483779707431862
2023-07-12,0.01196768713633323
2023-07-13,0.010351344838146082
2023-07-14,-0.013187548994063927
2023-07-17,0.09677997575193925
2023-07-18,0.12010917601702084
2023-07-19,0.09868202987390169
2023-07-20,0.14385848253148795
2023-07-21,0.11434224446234133
2023-07-24,0.10770044688256851
2023-07-25,0.15455549995141166
2023-07-26,0.08791821055717584
2023-07-27,0.14733522558432743
2023-07-28,0.14276994256119918
2023-07-31,0.05484187297083008
2023-08-01,0.05052512069518344
2023-08-02,0.03237897608934443
2023-08-03,0.08821356968979077
2023-08-04,0.020328231716224908
2023-08-07,-0.005194328171365601
2023-08-08,-0.05053478640221474
2023-08-09,-0.12704261691832933
2023-08-10,-0.13880768287893905
2023-08-11,-0.14747311888002773
2023-08-14,-0.1511388992376431
2023-08-15,-0.24195572739167862
2023-08-16,-0.2815023491460997
2023-08-17,-0.24615032965364853
2023-08-18,-0.21028022234555757
2023-08-21,-0.18777026559681045
2023-08-22,-0.12317349441932957
2023-08-23,-0.1463485426337999
2023-08-24,-0.09834235314340319
2023-08-25,-0.14895149619193568
2023-08-28,-0.1193756779762349
2023-08-29,0.02316344477373425
2023-08-30,0.009877434595029719
2023-08-31,0.030779875811020114
2023-09-01,0.02082158918122056
2023-09-05,-0.021351231920940912
2023-09-06,-0.0009066896319409231
2023-09-07,0.005137507846402015
2023-09-08,0.02681500867420991
2023-09-11,-0.0066891133713664515
2023-09-12,0.011906839750365746
2023-09-13,0.03282591253258679
2023-09-14,0.12022139187011753
2023-09-15,0.1396261352735099
2023-09-18,0.11588432500750785
2023-09-19,0.15248592813433404
2023-09-20,-0.01236447291093273
2023-09-21,0.012562908044212152
2023-09-22,0.004034713284688576
2023-09-25,-0.07553363512267426
2023-09-26,-0.23353242588501194
2023-09-27,-0.2964947740989042
2023-09-28,-0.31479802582631006
2023-09-29,-0.3817948995194948
2023-10-02,-0.41126893873388587
2023-10-03,-0.37039221160394986
2023-10-04,-0.34887234496349356
2023-10-05,-0.29010544385286885
2023-10-06,-0.21884724923202029
2023-10-09,-0.1918922986006421
2023-10-10,-0.10694067845797829
2023-10-11,-0.11111026035836084
2023-10-12,0.031693916943086306
2023-10-13,-0.03705037204018487
2023-10-16,-0.057570000949370585
2023-10-17,0.04436549323055017
2023-10-18,0.03588985240466518
2023-10-19,0.17276729674732805
2023-10-20,0.13051023573739629
2023-10-23,0.15657737617858136
2023-10-24,0.2407597495188649
2023-10-25,0.3478039719145217
2023-10-26,0.3577472457550683
2023-10-27,0.45074485715991064
2023-10-30,0.47687868598424543
2023-10-31,0.4713437284716927
2023-11-01,0.5093964703488244
2023-11-02,0.5328242693554192
2023-11-03,0.44427814723086567
2023-11-06,0.3218201018697452
2023-11-07,0.22753979657971757
2023-11-08,0.22066944043547684
2023-11-09,0.1301973788730831
2023-11-10,0.026132235911295574
2023-11-13,0.09809890884926292
2023-11-14,0.08453196982682358
2023-11-15,0.0527875521679407
2023-11-16,0.004780904256415276
2023-11-17,-0.05213059897608011
2023-11-20,0.03409853681891409
2023-11-21,0.010135188388565662
2023-11-22,0.013744588455780901
2023-11-24,0.030527169038436996
2023-11-27,0.06214232835208623
2023-11-28,0.14962427006921938
2023-11-29,0.13904306838977445
2023-11-30,0.21534245731183446
2023-12-01,0.06209147799909266
2023-12-04,0.0773493385846961
2023-12-05,0.15753681612803327
2023-12-06,0.20183165564661318
2023-12-07,0.06904713625912728
2023-12-08,0.11045574200592248
2023-12-11,0.06849168319240094
2023-12-12,0.02917676541731847
2023-12-13,0.16811688645164902
2023-12-14,0.06997206325457114
2023-12-15,0.09172291670796982
2023-12-18,0.13720956440819654
2023-12-19,0.057008046811850586
2023-12-20,0.09376024998611984
2023-12-21,0.10984978391265059
2023-12-22,0.10954580974092895
2023-12-26,0.14099509102251376
2023-12-27,0.05361500544106893
2023-12-28,-0.03432323121205359
2023-12-29,-0.0018506779947805962
2024-01-02,-0.18594974742720788
2024-01-03,-0.03371793643337268
2024-01-04,-0.018260232060463247
2024-01-05,-0.09829846869764174
2024-01-08,-0.09549044058074536
2024-01-09,-0.017839469694397914
2024-01-10,0.016874525421409076
2024-01-11,0.11064837501766431
2024-01-12,0.03674704918640334
2024-01-16,-0.13641181516868728
2024-01-17,-0.10526780064181211
2024-01-18,-0.11405031931479194
2024-01-19,-0.11981235857358633
2024-01-22,-0.1179171674085002
2024-01-23,-0.19311397527429927
2024-01-24,-0.1866406046218496
2024-01-25,-0.2485079444626522
2024-01-26,-0.2210901396195316
2024-01-29,-0.13930523067742423
2024-01-30,-0.09371295081919992
2024-01-31,0.004521798903943321
2024-02-01,-0.06279089669069057
2024-02-02,-0.0917794135470759
2024-02-05,-0.01991811611129252
2024-02-06,-0.017276323228863497
2024-02-07,-0.012923704136642672
2024-02-08,-0.016034455178422714
2024-02-09,-0.12555221311195155
2024-02-12,-0.14017568408860873
2024-02-13,-0.1487025469753828
2024-02-14,-0.049230888375508076
2024-02-15,-0.06649026508291371
2024-02-16,-0.01554084642148445
2024-02-20,-0.05135402454164833
2024-02-21,-0.034528465083034234
2024-02-22,0.013602954245480811
2024-02-23,-0.014948927144735195
2024-02-26,-0.023041885446435924
2024-02-27,-0.043619256519682736
2024-02-28,-0.054645136563720546
2024-02-29,0.05206307852909162
2024-03-01,0.1877153631246704
2024-03-04,0.2614381428186149
2024-03-05,0.280330596214869
2024-03-06,0.2973141421638237
2024-03-07,0.3621650288138556
2024-03-08,0.39525141837853905
2024-03-11,0.34510054575962557
2024-03-12,0.45860841428805343
2024-03-13,0.4263651436492858
2024-03-14,0.3744212761710726
2024-03-15,0.3530427541991711
2024-03-18,0.26339185574356944
2024-03-19,0.29324270824968246
2024-03-20,0.375170114686467
2024-03-21,0.31219599171046136
2024-03-22,0.3024517289383506
2024-03-25,0.33182308638784974
2024-03-26,0.3819463476089896
2024-03-27,0.4252944243095845
2024-03-28,0.4375282867246936
2024-04-01,0.3826014179794015
2024-04-02,0.3799287934748777
2024-04-03,0.31458426293385744
2024-04-04,0.36252504232288263
2024-04-05,0.3522700758677569
2024-04-08,0.3218991426049592
2024-04-09,0.27274122944872065
2024-04-10,0.39751480603471184
2024-04-11,0.3551864735884943
2024-04-12,0.41209403442771586
2024-04-15,0.4898021624300658
2024-04-16,0.42411646050657437
2024-04-17,0.4578650783120952
2024-04-18,0.48977123499654096
2024-04-19,0.2832522271268606
2024-04-22,0.338645283430012
2024-04-23,0.27810069707960217
2024-04-24,0.2833908863164053
2024-04-25,0.22320202533687902
2024-04-26,0.20663070739146192
2024-04-29,0.020061977175561654
2024-04-30,-0.02621033054962513
2024-05-01,-0.11758897114694268
2024-05-02,-0.10150874415824171
2024-05-03,-0.14161153830577633
2024-05-06,-0.1712432039868693
2024-05-07,-0.20451561226622797
2024-05-08,-0.12112610046955229
2024-05-09,-0.10041868245060549
2024-05-10,-0.18051320025946707
2024-05-13,-0.16185829633373536
2024-05-14,-0.14254173087036454
2024-05-15,-0.11200382965071667
2024-05-16,-0.061501272508266085
2024-05-17,-0.05272052219139836
2024-05-20,0.05078047997113157
2024-05-21,-0.014891427756638966
2024-05-22,-0.13135714937928503
2024-05-23,-0.14791556847903425
2024-05-24,-0.10824478761870247
2024-05-28,-0.06655767202272414
2024-05-29,-0.05484081441360385
2024-05-30,-0.09978924368409378
2024-05-31,-0.040551678213778794
2024-06-03,-0.1463522599441633
2024-06-04,-0.06190556823331525
2024-06-05,-0.020167839420447673
2024-06-06,-0.19712844514357752
2024-06-07,-0.2743753295781058
2024-06-10,-0.19352841178652078
2024-06-11,-0.16691757750502262
2024-06-12,-0.3300967702378496
2024-06-13,-0.23355248992293537
2024-06-14,-0.3495926669795807
2024-06-17,-0.3546051360458331
2024-06-18,-0.30213485199331713
2024-06-20,-0.1443196601185781
2024-06-21,-0.10592178927757237
2024-06-24,-0.18493151378761685
2024-06-25,-0.22032352747172224
2024-06-26,-0.10345491515331308
2024-06-27,-0.12628626490542227
2024-06-28,-0.07615648318097942
2024-07-01,-0.1415453108511635
2024-07-02,-0.009423324025475712
2024-07-03,-0.08294592287350613
2024-07-05,0.018172078858154698
2024-07-08,0.025142086975333097
2024-07-09,0.05303448915432228
2024-07-10,0.07853127582004531
2024-07-11,0.1600135718829383
2024-07-12,0.10780466343329044
2024-07-15,0.2326826330970719
2024-07-16,0.17684660201631916
2024-07-17,0.15079568305179802
2024-07-18,0.002586506607783616
2024-07-19,0.07729068631976699
2024-07-22,0.07404688857201142
2024-07-23,0.12200571890561432
2024-07-24,0.03522484809680132
2024-07-25,0.013519039753076719
2024-07-26,0.0003893377031786187
2024-07-29,0.08146220998615916
2024-07-30,0.133736826312333
2024-07-31,0.06810229962315467
2024-08-01,0.057987996632494286
2024-08-02,-0.062304177755156814
2024-08-05,-0.015744388723262105
2024-08-06,-0.023732669422902957
2024-08-07,0.010394537465601568
2024-08-08,-0.060269511826451
2024-08-09,0.0009617436216227867
2024-08-12,-0.009097262718956839
2024-08-13,-0.14307387265776123
2024-08-14,-0.10180192315936683
2024-08-15,-0.006925859426077634
2024-08-16,0.11619970920567123
2024-08-19,0.14160280496047545
2024-08-20,0.10724135782539236
2024-08-21,0.02913005032171428
2024-08-22,0.2090668628255573
2024-08-23,0.16746777446048483
2024-08-26,0.1673918062234678
2024-08-27,0.05646520219583212
2024-08-28,0.08010607126329705
2024-08-29,0.0032293440060479654
2024-08-30,0.013294226115343734
2024-09-03,0.06763194445483442
2024-09-04,0.12560521498716995
2024-09-05,0.08586169959442914
2024-09-06,0.039780885358704825
2024-09-09,0.0405360626462939
2024-09-10,-0.020915666858468098
2024-09-11,0.045175041512353444
2024-09-12,0.15463679013499373
2024-09-13,0.12433053519200349
2024-09-16,0.004329738440454705
2024-09-17,0.008861808697413546
2024-09-18,0.020903321381667832
2024-09-19,0.08665810787910297
2024-09-20,0.15591319760961014
2024-09-23,0.1434530091022802
2024-09-24,0.13863217834981065
2024-09-25,0.15947950077496925
2024-09-26,0.1599204077949254
2024-09-27,0.07537779388676132
2024-09-30,0.1938567376061827
2024-10-01,0.1617647882529994
2024-10-02,0.17160244686194515
2024-10-03,0.11431790778228693
2024-10-04,0.14496291591013094
2024-10-07,0.06917808258566038
2024-10-08,0.030300970837055043
2024-10-09,0.058287500957007424
2024-10-10,0.055919204850228624
2024-10-11,-0.02101702994385226
2024-10-15,0.0651992013722291
2024-10-16,0.0850449809372652
2024-10-17,0.09778448973511351
2024-10-18,0.0540200781634035
2024-10-21,0.08233152805894954
2024-10-22,-0.026021014620797162
2024-10-23,-0.0019240354718306736
2024-10-24,-0.009834907131324259
2024-10-25,0.01873776516833945
2024-10-28,0.08566405143617135
2024-10-29,0.08952440046534389
2024-10-30,0.025902772080371273
2024-10-31,0.005938212253010495
2024-11-01,0.02039289567908022
2024-11-04,0.02952218030948212
2024-11-05,-0.04580533950038103
2024-11-06,0.029203370173310778
2024-11-07,-0.019578056810601898
2024-11-08,-0.2283721954491259
2024-11-12,-0.29132476736458407
2024-11-13,-0.33927931554983654
2024-11-14,-0.3730367157256782
2024-11-15,-0.32674617710325904
2024-11-18,-0.30891882778790014
2024-11-19,-0.3062716256884631
2024-11-20,-0.19681358673191762
2024-11-21,-0.1629798164924472
2024-11-22,-0.30813613002948576
2024-11-25,-0.3012412625944088
2024-11-26,-0.2917108946747758
2024-11-27,-0.32154019787115445
2024-11-29,-0.256822286052095
2024-12-02,-0.2353829155931749
2024-12-03,-0.21004583411632619
2024-12-04,-0.2647743167351829
2024-12-05,-0.10815482172905112
2024-12-06,-0.11591259350716475
2024-12-09,-0.035385521296842984
2024-12-10,0.16545403165904798
2024-12-11,0.10529728394930354
2024-12-12,0.08531541047981472
2024-12-13,0.101633864913337
2024-12-16,0.09334965297973774
2024-12-17,-0.009311066748066865
2024-12-18,-0.12037477701262779
2024-12-19,-0.0924268339387978
2024-12-20,-0.16517060142135379
2024-12-23,-0.21899426988544993
2024-12-24,-0.047544367625088235
2024-12-26,-0.09050179882048737
2024-12-27,-0.1458868199712896
2024-12-30,-0.13250788168795113
2024-12-31,-0.04071497808725055
2025-01-02,-0.08149560464404924
2025-01-03,-0.10798319646471947
2025-01-06,-0.022551050956457496
2025-01-07,-0.029041834186944525
2025-01-08,-0.04304410757234543
2025-01-10,-0.18291997481123215
2025-01-13,-0.09264394995570154
2025-01-14,0.028594903989164623
2025-01-15,0.09559453483038405
2025-01-16,0.10467479816123916
2025-01-17,0.18305437147768058
2025-01-21,0.2823826683726655
2025-01-22,0.18297844415413614
2025-01-23,0.23626608175408573
2025-01-24,0.15242732135467923
2025-01-27,0.16859888316315153
2025-01-28,0.2073562886623083
2025-01-29,0.31208765416307904
2025-01-30,0.2522816581766994
2025-01-31,0.23729441762916723
2025-02-03,0.29097663661711287
2025-02-04,0.3294667084600954
2025-02-05,0.26823433337188396
2025-02-06,0.27115476129203675
2025-02-07,0.31214807932661526
2025-02-10,0.26392564199109436
2025-02-11,0.31743215774157824
2025-02-12,0.33397214791190954
2025-02-13,0.19355451399718496
2025-02-14,0.21230399973152095
2025-02-18,0.19147329370167412
2025-02-19,0.15819273495267408
2025-02-20,0.1306251354298785
2025-02-21,0.15412117264601702
2025-02-24,0.0560393619421826
2025-02-25,0.14296124946939145
2025-02-26,0.05358781155418649
2025-02-27,-0.03061523738792727
2025-02-28,-0.04824919711145468
2025-03-03,-0.00040345063368817433
2025-03-04,-0.029477268507160946
2025-03-05,-0.060228506271449454
2025-03-06,-0.10968563547180762
2025-03-07,-0.10874222305970915
2025-03-10,-0.0903961095236769
2025-03-11,-0.12329873864618304
2025-03-12,-0.046924233793792514
2025-03-13,-0.023339520301426397
2025-03-14,0.0037444952959567734
2025-03-17,0.13395461680780946
2025-03-18,0.05385385809432058
2025-03-19,0.07767365422233768
2025-03-20,0.006588948371054414
2025-03-21,0.0027372109788167663
2025-03-24,0.00028781943365677057
2025-03-25,0.06644742801556858
2025-03-26,0.10840073496491824
2025-03-27,0.2072401934501793
2025-03-28,0.34351545720683885
2025-03-31,0.2432206636463133
2025-04-01,0.2397325336698221
2025-04-02,0.15768824852857694
2025-04-03,0.024251233772650635
2025-04-04,-0.05110434468378997
2025-04-07,0.000651851847465251
2025-04-08,0.09765475723396627
2025-04-09,0.1910179660002459
2025-04-10,0.2071174387358523
2025-04-11,0.16455720731599527
2025-04-14,0.12821758418536602
2025-04-15,0.20746226749352648
2025-04-16,0.18398309774899624
2025-04-17,0.29942283273619275
2025-04-21,0.3288715094761511
2025-04-22,0.20206268354580187
2025-04-23,0.2749979007835583
2025-04-24,0.22049473686477286
2025-04-25,0.1984393573438234
2025-04-28,0.13731326151527054
2025-04-29,0.06387838257796279
2025-04-30,-0.04018975412097984
2025-05-01,-0.043870948624236496
2025-05-02,0.12153465032276856
2025-05-05,0.3653282961948978
2025-05-06,0.42687868959463693
2025-05-07,0.3057792541427513
2025-05-08,0.21450449004615924
2025-05-09,-0.04573025516553316
2025-05-12,-0.11158200211411197
2025-05-13,-0.15007841080034656
2025-05-14,-0.12290305171932307
2025-05-15,-0.29990763297476103
